true,pred,std,residual
0.6256208,0.53181887,0.08080921,0.093801916
-0.01662364,0.027422234,0.053063747,-0.044045873
-0.6578112,-0.23329678,0.102464035,-0.42451444
0.6473904,0.66752255,0.14323132,-0.020132124
-0.41403395,-0.5805187,0.13812701,0.16648477
-0.028318595,-0.021141155,0.06975932,-0.0071774404
-0.05009772,0.0043099327,0.057697907,-0.054407652
-0.19645563,-0.36808357,0.1103564,0.17162794
-0.42084563,-0.49421558,0.18222426,0.07336995
0.31072804,0.24218877,0.15100202,0.06853928
-1.62772,-0.7103921,0.23868123,-0.9173279
-0.9954266,-0.6439466,0.13696125,-0.35148
0.83891284,0.7656933,0.1438658,0.07321954
0.287535,0.7840139,0.21318455,-0.49647892
-0.4429192,-0.22285463,0.09566922,-0.22006457
0.048190504,0.32372633,0.10163058,-0.27553582
0.9714272,1.2187147,0.13963419,-0.24728751
-0.5344411,-0.50726676,0.098010704,-0.027174354
-0.11067476,0.14152291,0.075746246,-0.25219768
-0.010898891,0.10561302,0.08166941,-0.11651191
2.7208567,2.720835,0.26060876,2.169609e-05
0.18275242,0.07185045,0.09612286,0.11090197
0.23362738,0.16267194,0.05480226,0.07095544
-2.3339522,-1.9980811,0.25343782,-0.3358711
0.020166948,-0.2060435,0.08072359,0.22621045
-0.8040175,-0.84130085,0.20229647,0.03728336
0.51371276,0.44893414,0.07733341,0.064778626
-0.09172475,0.1978157,0.091020055,-0.28954047
0.34126046,0.3142086,0.095087714,0.027051866
0.29806125,0.052118614,0.08497756,0.24594264
0.086883955,0.09330467,0.08904818,-0.0064207166
0.42815265,0.2022043,0.06282406,0.22594835
-1.9027401,-1.1125139,0.28575894,-0.7902262
0.1567207,0.019794801,0.07966831,0.13692589
-1.7372195,-1.8644881,0.21347186,0.12726867
-0.35982144,0.089853704,0.092609994,-0.44967514
0.11628803,-0.0852843,0.060781933,0.20157233
0.78328645,0.70262057,0.1436761,0.08066589
-0.92800236,-0.5570839,0.09528638,-0.37091845
0.4482223,0.30773434,0.13871542,0.14048797
-0.27046505,-0.5320735,0.108745836,0.26160845
0.36675212,0.30338863,0.089617305,0.06336349
-0.43179816,-0.25216275,0.14429402,-0.1796354
0.6555355,0.45616663,0.10643338,0.1993689
0.8868376,0.9754586,0.107483536,-0.08862102
-0.42200023,0.048390124,0.15604852,-0.47039035
0.5731436,0.4385529,0.06428819,0.13459072
-1.1989256,-1.1802939,0.21108063,-0.018631697
0.2776904,0.20306195,0.060718,0.07462846
0.0027825274,-1.1230536,0.48360607,1.1258361
-0.531995,-0.42786875,0.21429706,-0.104126245
-0.44814613,-0.44544503,0.08693131,-0.0027011037
-0.35174105,-0.12903616,0.104701914,-0.22270489
0.8803991,0.82813865,0.091521196,0.05226046
-0.8120921,-0.38093883,0.13574898,-0.4311533
0.15741734,-0.042142402,0.15989055,0.19955975
-0.0049347896,-0.2359736,0.09987465,0.23103881
0.7028887,0.61819893,0.086390376,0.084689796
-0.25692806,-0.19520232,0.16355763,-0.061725736
0.020873956,-0.14706166,0.1414654,0.16793561
-0.9975125,-0.56187606,0.12620352,-0.43563646
-0.20876893,-0.896238,0.16618463,0.6874691
-0.3883498,-0.06262008,0.05689194,-0.32572973
-0.12613109,-0.05861167,0.081311285,-0.06751942
0.06955687,0.049648337,0.06776523,0.019908533
-0.035065975,0.08129488,0.05101621,-0.11636086
0.020817015,0.13140444,0.0767401,-0.11058743
-0.062003504,-0.055604752,0.0636131,-0.0063987523
-0.48168463,-0.9511055,0.13912384,0.46942085
0.43343005,0.40345353,0.07214675,0.029976517
-1.7275913,-1.2071141,0.16785775,-0.5204772
-0.41387266,-0.5251825,0.12488511,0.11130983
0.3179649,0.35204116,0.06987809,-0.034076244
1.236961,1.4549253,0.15908428,-0.21796429
-0.20966494,-0.41622978,0.13445812,0.20656484
-1.3086749,-1.2276396,0.17810863,-0.081035376
0.34022212,0.26204324,0.074071765,0.07817888
-0.051957875,-0.027431676,0.047830928,-0.0245262
0.06718036,0.1150197,0.15573685,-0.047839344
0.044603802,0.09490113,0.10828978,-0.050297327
0.92479974,0.7132549,0.11415867,0.21154481
0.8941476,0.93855983,0.116172336,-0.044412255
-0.9889988,-0.6187136,0.11766101,-0.37028515
-0.73590887,-0.44683507,0.13916041,-0.2890738
0.13088511,0.22748813,0.11405899,-0.09660302
-0.48837054,0.057467725,0.09587873,-0.54583824
0.04008066,0.012710929,0.06742621,0.02736973
0.1673751,0.18242255,0.07025381,-0.015047446
1.3292134,1.2494595,0.15011412,0.079753876
0.098796956,0.09009179,0.10981501,0.008705169
-0.15773016,-0.0731662,0.08543102,-0.08456396
0.8924477,1.0312582,0.17101747,-0.13881052
0.08824706,0.13902588,0.06504612,-0.05077882
-0.12748156,-0.05996993,0.065587126,-0.06751163
0.19622563,0.16401887,0.066568255,0.03220676
0.3345699,0.2527026,0.05933226,0.08186731
0.56573004,0.37788185,0.10850857,0.18784818
-0.3184589,-0.0916523,0.10672299,-0.22680661
0.38765892,0.34545645,0.05909726,0.042202473
-0.08226283,-0.10695588,0.100046396,0.02469305
-1.3266041,-0.7662351,0.1266828,-0.560369
-0.83096725,-1.3342499,0.2387579,0.5032826
-0.54199827,-0.550094,0.1192313,0.008095741
0.026265763,0.17266975,0.05826901,-0.146404
0.58062255,0.5780477,0.089528345,0.002574861
-0.22442885,-0.1155184,0.07531415,-0.10891045
0.13712093,0.15506558,0.07137641,-0.017944649
-2.429584,-2.4818475,0.2901638,0.0522635
-0.18370733,-0.104050525,0.08422932,-0.0796568
0.0282504,-0.1168501,0.15822242,0.1451005
-0.41372654,-0.10502324,0.10143026,-0.3087033
0.7300631,0.69011104,0.09668386,0.03995204
0.44780263,0.8578973,0.45810738,-0.41009465
0.34371248,0.3767667,0.1776478,-0.033054233
1.2247412,1.0903316,0.1274925,0.13440967
-0.7366185,-0.46695712,0.114298664,-0.2696614
0.077285364,-0.016348606,0.08149002,0.09363397
-0.39396638,0.05908649,0.14271063,-0.45305288
-0.8875928,-0.6968791,0.10919005,-0.1907137
-0.043504883,0.15485603,0.06855026,-0.1983609
-0.41350713,-0.19622652,0.105910905,-0.21728061
0.43061203,0.29112402,0.06327255,0.13948801
0.0031780724,-0.044145696,0.08754054,0.047323767
1.0121945,0.90669054,0.14193861,0.10550398
-0.09864594,-0.12519316,0.098559126,0.026547223
-0.83511615,-0.7225237,0.19670452,-0.11259246
-0.5604177,-0.36980608,0.11162392,-0.19061163
0.2717244,0.22990388,0.07631642,0.041820526
-1.5939863,-1.4051597,0.18434691,-0.18882656
-0.3628519,0.023839291,0.08943862,-0.38669118
0.09025712,-0.025943294,0.14553197,0.11620042
-0.31624573,-0.34358785,0.087859735,0.02734211
0.3820382,0.285523,0.069561735,0.09651521
-0.5431925,-0.60686755,0.13647014,0.063675046
-0.36764568,-0.5365063,0.101663545,0.16886061
-0.24938224,-0.18390384,0.0620018,-0.0654784
0.2818366,0.34753233,0.10577701,-0.06569573
-0.06817755,-0.29250157,0.122565046,0.22432402
-0.18791348,-0.18380725,0.09181867,-0.0041062236
0.7728113,0.8106262,0.11842401,-0.037814915
0.37353188,0.20809335,0.07952035,0.16543853
-1.5265096,-1.6496089,0.40239507,0.12309921
-0.41558412,-0.22627345,0.09832303,-0.18931067
0.32195747,0.3346532,0.09953841,-0.01269573
-1.0943841,-1.7325186,0.2865692,0.6381345
0.5333333,0.38961467,0.08527919,0.14371863
0.13623102,-0.051138427,0.06969874,0.18736945
-0.02786688,0.082261235,0.05479483,-0.11012811
0.28402653,0.10183787,0.062491145,0.18218866
0.19752212,0.06167621,0.09379281,0.1358459
0.75560224,0.6816194,0.123739935,0.073982835
0.09511525,0.42857584,0.17320518,-0.3334606
0.27861074,0.08329889,0.113794684,0.19531184
0.11283739,0.037134357,0.080250986,0.07570303
0.16315661,0.11783289,0.07030711,0.045323722
0.15701014,0.14608422,0.12695515,0.010925919
0.53687936,-0.09684846,0.18665244,0.6337278
-0.4428474,-0.066908896,0.06486806,-0.3759385
-0.8445756,-0.79438114,0.15781961,-0.050194442
0.66676825,0.46208107,0.15632111,0.20468718
-0.15512313,-0.1602477,0.0591809,0.005124569
0.23551299,0.36517042,0.107393704,-0.12965743
0.1473411,0.054335754,0.08717754,0.093005344
-0.53704876,-0.36455283,0.10195055,-0.17249593
-2.8947463,-2.0436926,0.2837029,-0.8510537
0.0012590854,0.08991586,0.057104222,-0.08865677
-0.61916554,-0.36364624,0.08444458,-0.2555193
0.54796064,0.5047031,0.07991439,0.043257535
2.4623075,2.4535928,0.23492727,0.008714676
0.090484366,0.06111341,0.052294955,0.029370956
0.31391892,0.31183583,0.07751148,0.002083093
0.2990933,0.09480776,0.16392525,0.20428555
-5.095317,-4.2049136,0.43028435,-0.8904033
0.89649916,0.93841493,0.13105683,-0.041915774
0.43204886,0.27862397,0.07837999,0.15342489
0.12496915,0.34182498,0.20509484,-0.21685582
-0.049438864,-0.13571489,0.10656092,0.086276025
0.39198667,0.30730453,0.059146237,0.08468214
0.3150645,0.14356752,0.09077384,0.17149697
-0.45748693,-0.3263602,0.11153068,-0.13112673
-1.591822,-1.5110581,0.18828332,-0.080763936
-0.7642913,-0.6817846,0.23016497,-0.082506716
0.2881768,0.26524922,0.058389273,0.022927582
-1.9256601,-1.8940089,0.24688502,-0.03165126
-0.48359302,-0.40864623,0.116267584,-0.07494679
-0.102280065,-0.017210405,0.10277657,-0.08506966
0.34041134,0.25399294,0.053272482,0.08641839
0.19672306,0.12603287,0.08787528,0.070690185
-0.53580517,-0.07477497,0.10537498,-0.4610302
0.74044776,0.8384545,0.1358197,-0.098006725
-0.19040029,-0.035143953,0.07644385,-0.15525633
-1.0396633,-0.88794315,0.18706208,-0.15172017
0.18756579,-0.11667119,0.121925,0.30423698
-3.7246203,-3.1389263,0.35250768,-0.5856941
0.08475532,0.27324647,0.06866466,-0.18849115
-0.1059311,0.012855485,0.071172625,-0.11878659
0.28747618,0.12641005,0.07281271,0.16106613
-0.38159442,-0.6644207,0.13253538,0.2828263
-0.6737583,-0.75746465,0.20971903,0.08370632
-0.018482465,-0.10806909,0.0887934,0.08958663
-0.7961428,-1.3872771,0.24570522,0.5911343
-0.12627956,-0.10681181,0.12509902,-0.019467756
-0.027156366,-0.01392191,0.067284025,-0.013234456
0.53159714,0.6461253,0.093086906,-0.11452818
2.446632,2.468279,0.27811435,-0.021646976
-0.7196655,-0.95406985,0.13575655,0.23440433
-0.4546164,-0.30857682,0.17652568,-0.14603958
1.1097343,1.0448501,0.12724003,0.064884186
0.37600437,0.33382043,0.088122636,0.042183936
1.9031649,1.9395887,0.20002371,-0.036423802
0.6252737,0.36644047,0.07819161,0.25883323
0.2573278,0.07387896,0.07903554,0.18344884
-1.1939168,-0.5826052,0.24012488,-0.6113116
-0.48242706,-0.42159575,0.1261274,-0.06083131
0.7871255,0.72493964,0.09387891,0.062185884
0.79321766,0.58387816,0.091909766,0.2093395
0.077982076,-0.062495414,0.092577845,0.1404775
-0.52965003,-0.24656169,0.15020368,-0.28308833
0.32920524,-0.07476335,0.14471371,0.4039686
-0.7047538,-0.79112095,0.20841761,0.08636713
-0.22513375,-0.5107528,0.12530445,0.28561905
-0.53316903,-0.17640118,0.103912234,-0.35676783
0.3794165,0.09165024,0.18609545,0.28776625
1.4323846,1.4411572,0.27406335,-0.008772612
0.25931892,0.1645161,0.07218111,0.09480281
-0.29391423,-0.3453006,0.15098466,0.051386386
0.23266748,0.13224544,0.082711115,0.10042204
0.50336015,0.48501667,0.07229597,0.018343478
-0.32283583,-0.4172428,0.11807647,0.09440696
0.5138848,0.37338763,0.10295605,0.14049715
0.32456055,0.2795822,0.06792784,0.04497835
-0.33686432,-0.3665435,0.07685533,0.02967918
-0.0019558554,0.058053542,0.07000797,-0.060009398
0.7005581,0.52684414,0.07122807,0.17371398
0.38640615,0.3688715,0.059897844,0.017534643
-1.0041304,-0.88026386,0.11673587,-0.1238665
1.2206804,1.1133722,0.11645201,0.10730815
0.7562831,0.8072742,0.104988776,-0.050991118
-0.19401768,-0.26866394,0.083643086,0.074646264
-0.20729809,-0.19586767,0.07781948,-0.0114304125
0.45138073,0.5958987,0.08004284,-0.14451796
0.47744358,0.3434828,0.109451674,0.13396078
-0.3321325,-0.30748314,0.10382288,-0.024649352
-0.5825319,-0.31014827,0.10100529,-0.27238366
0.37001443,0.2022975,0.06925131,0.16771694
-0.0027832985,-0.13449593,0.24337956,0.13171263
0.28664085,0.30288243,0.07402991,-0.01624158
-0.021197818,-0.24326561,0.08324866,0.2220678
15.118102,15.565996,1.6236291,-0.4478941
0.05866405,0.03852717,0.051480763,0.020136882
-1.3108723,-1.446188,0.2899675,0.13531566
-0.16565096,-0.5652132,0.13503769,0.39956224
0.28231785,0.29065982,0.06513084,-0.008341968
-0.14823061,-0.083231926,0.08004599,-0.06499869
-0.5963912,-0.3589593,0.10779939,-0.23743191
0.09695128,0.082055,0.054545008,0.014896281
-0.18181138,-0.2513473,0.13858372,0.069535926
-1.6275089,-0.24635178,0.21449241,-1.3811572
1.6596495,2.0411654,0.2116846,-0.38151586
0.5447497,0.4096069,0.07453228,0.13514277
-0.023675252,-0.06526974,0.066427514,0.041594487
0.22117244,0.12697007,0.070652016,0.09420237
0.36949384,0.30549252,0.22474149,0.06400132
0.33110955,0.21421589,0.077188484,0.116893664
0.1949519,0.12218326,0.09152336,0.07276864
0.21629028,0.2303562,0.06019313,-0.014065921
0.26585606,0.51916033,0.06889329,-0.25330427
-1.2010797,-1.0952418,0.21521576,-0.10583794
-0.07390133,-0.20496537,0.10834915,0.13106403
-4.456469,-3.7825105,0.4295066,-0.67395854
0.3836232,0.26449063,0.061989665,0.11913258
0.23771217,0.19817622,0.10861559,0.039535955
-0.050898604,-0.44549564,0.3163683,0.39459702
0.053307876,0.09597624,0.04333744,-0.042668365
0.06248647,-0.23021387,0.12691775,0.29270035
-0.27551097,-0.17330214,0.082477205,-0.10220882
0.7379657,0.66929203,0.07702291,0.06867367
-0.6692178,-0.42069647,0.12262256,-0.24852136
0.089895256,0.03186835,0.075401254,0.058026906
0.3025981,0.4286483,0.1046785,-0.1260502
0.008538031,0.10689649,0.1760283,-0.09835846
1.2191569,1.2244318,0.13529462,-0.005274892
-0.08401012,-0.09311944,0.098604344,0.009109326
0.7648326,0.6238429,0.13962346,0.14098972
1.4788263,1.3892419,0.14929779,0.08958435
0.4275904,0.33743903,0.0641712,0.09015137
0.03963065,0.04141154,0.07756671,-0.0017808899
-0.21671605,-0.06223533,0.07728583,-0.15448073
-0.23160742,0.52598876,0.11371632,-0.7575962
-0.12170568,0.07201929,0.059077498,-0.19372496
0.108312994,-0.049881723,0.075122945,0.15819472
-3.6267743,-2.5592203,0.2658066,-1.067554
4.228614,4.041599,0.39178714,0.18701506
-0.41209418,0.4148638,0.20835784,-0.82695794
0.14159054,0.08486705,0.0817572,0.056723483
-0.5138088,-0.3584698,0.099973366,-0.15533897
-0.5101758,-0.95076215,0.2240093,0.44058633
-0.48460487,-0.5431448,0.16739017,0.058539957
0.20024855,-0.1616715,0.10570927,0.36192006
-0.48849368,-0.5102972,0.11391217,0.021803498
0.12279183,0.0025686312,0.092802234,0.120223194
0.00058137113,0.05686579,0.1945303,-0.056284416
-0.96174884,-0.7363609,0.18851784,-0.22538793
1.474817,1.4959027,0.17175789,-0.02108562
-0.10678037,-0.5309927,0.09859756,0.4242123
1.8617607,1.8745064,0.20454982,-0.012745619
0.4755991,0.49779204,0.08396941,-0.022192925
0.40183067,0.116351016,0.09514584,0.28547966
-0.62547946,-0.2201561,0.10403007,-0.40532336
-0.4930484,-0.931864,0.1633849,0.43881562
-0.41257334,-0.5591107,0.13468163,0.14653736
-0.16400057,-0.5668103,0.13595703,0.40280974
-0.55937785,-0.17026484,0.12348738,-0.389113
-0.5854817,-0.3880616,0.106322065,-0.19742009
-0.8933107,-0.6453799,0.12825048,-0.24793082
-0.5043698,-0.41301513,0.11465233,-0.09135467
-1.170014,-1.3408701,0.18740502,0.17085612
2.613921,2.5798109,0.23816714,0.03411007
-0.066546164,-0.01684654,0.09365763,-0.049699627
-0.30627647,-0.31928873,0.15781638,0.01301226
-0.4501596,-0.49813128,0.10514276,0.047971666
0.0828805,0.046897233,0.08571955,0.035983264
-0.2111566,-0.27331197,0.124097444,0.062155366
0.68706506,0.6495628,0.16505015,0.03750229
0.25555044,0.26792002,0.06609863,-0.012369573
0.45301366,0.4141825,0.061341166,0.038831145
-0.67752355,-0.2778541,0.1079686,-0.39966944
0.0069420156,-0.05190885,0.054886185,0.058850866
0.61448115,0.5082727,0.07925187,0.10620844
-0.83274496,-0.5087707,0.11731859,-0.32397425
-0.12801962,-0.18953967,0.08488368,0.061520055
-0.5625035,-0.25505227,0.092542596,-0.30745125
-0.92643714,-0.6008163,0.11052397,-0.32562083
0.8137491,0.652472,0.097665414,0.16127706
-0.76970446,-0.894724,0.16701184,0.12501955
-0.21123753,-0.23057163,0.096998535,0.019334093
-0.43698624,-0.3849333,0.090447254,-0.052052945
-0.6713903,-0.35295215,0.061187524,-0.31843814
-0.5924104,-0.277912,0.18908854,-0.3144984
3.6388447,3.4817464,0.35810086,0.1570983
-0.16329205,-0.09679463,0.08933899,-0.06649742
-0.3098236,-0.21297613,0.07726609,-0.096847475
1.3590654,1.3827028,0.16546527,-0.023637414
-0.15667056,-0.10557881,0.123603985,-0.051091745
1.0630177,0.8470916,0.1108779,0.21592611
2.2082114,2.192393,0.23738582,0.015818357
0.8724453,0.88523275,0.10780456,-0.012787461
0.5955196,0.59594953,0.0940235,-0.0004299283
-0.20707452,-0.43191427,0.12618022,0.22483975
1.1617637,0.9044411,0.15055119,0.25732255
0.43026185,0.781204,0.10046065,-0.35094213
-0.5358114,-0.7916199,0.19553122,0.25580847
0.4429371,0.5112802,0.06821394,-0.06834307
0.17399952,0.20638452,0.0862909,-0.032385007
1.0315536,0.9728291,0.11817198,0.058724523
0.29764003,0.18775637,0.073424384,0.10988365
0.49993148,0.5048174,0.06928124,-0.0048859417
0.23642807,-0.27034757,0.21085799,0.5067756
-0.39227438,-0.36318272,0.119952284,-0.029091656
0.6936037,0.64629465,0.07868994,0.04730904
-0.024784891,0.009179131,0.07191118,-0.033964023
0.5069037,0.4347204,0.11941371,0.07218331
0.2511422,-0.015395035,0.06107217,0.26653725
-0.82212096,-0.4943606,0.12986854,-0.32776037
0.047926236,-0.038453333,0.09349609,0.08637957
-0.20584607,0.24152958,0.054135248,-0.44737566
0.13293943,0.0045110206,0.08229842,0.12842841
1.9592125,2.084563,0.2173107,-0.12535048
-0.20470075,-0.30313456,0.08946298,0.09843381
0.011939978,0.071816415,0.16583245,-0.059876435
-0.042108923,0.018893601,0.042804,-0.061002523
-0.38327435,-0.1399723,0.13979067,-0.24330205
0.14582765,-0.044550736,0.07199019,0.19037838
4.543762,4.437142,0.426506,0.10662031
-0.16041817,-0.49571717,0.0978636,0.33529902
0.2556362,0.5964093,0.08059554,-0.34077314
-0.22143173,-0.2021047,0.09827696,-0.01932703
-0.8751524,-0.750753,0.12921028,-0.12439942
-1.8309199,-2.5978947,0.2998561,0.7669748
-2.3375669,-1.9985875,0.28364527,-0.33897936
0.42067915,0.41594332,0.06720331,0.0047358274
1.2318324,0.91605914,0.14176181,0.31577325
0.08073805,-0.23150693,0.12232909,0.31224498
0.26421046,0.07754611,0.10691991,0.18666434
-0.5759353,-0.36144,0.10274633,-0.2144953
-0.81949055,-0.74921095,0.18841015,-0.0702796
0.43745857,0.4106793,0.08647291,0.026779264
-0.45986238,-0.27252743,0.09296213,-0.18733495
-0.21340442,0.12897669,0.08251713,-0.34238112
0.17601548,-0.29488862,0.11912415,0.4709041
1.0188044,1.00521,0.13811517,0.013594389
0.11782966,0.02111805,0.07434677,0.096711606
0.73153794,0.82054144,0.09689141,-0.0890035
0.47069785,0.41450962,0.10257509,0.056188226
-0.49087933,-0.0063018682,0.10212649,-0.48457745
-0.23873858,-0.10361351,0.04805116,-0.13512507
0.2039484,-0.21946716,0.20879914,0.42341554
-0.266559,-0.23621196,0.081039615,-0.03034705
1.145647,1.024942,0.131448,0.12070501
-0.09986322,-0.11838289,0.05931553,0.018519677
0.04005582,-0.2127281,0.08221656,0.25278392
0.052741054,-0.09365647,0.060236547,0.14639753
0.12880407,0.19817488,0.153962,-0.069370806
0.12459008,0.38090017,0.0810385,-0.2563101
-0.16502051,-0.053275842,0.07955344,-0.11174467
0.61757326,0.50733715,0.08699924,0.11023611
0.9682949,1.147825,0.16628888,-0.17953008
-0.20888565,-0.27743015,0.07238042,0.06854449
-0.021368112,-0.058872465,0.09386524,0.037504353
-0.122944616,-0.1405495,0.0828451,0.01760488
1.0523802,0.9449859,0.12140907,0.10739428
0.19649191,0.061823394,0.08038172,0.13466851
0.30715418,0.18012886,0.08134128,0.12702532
-0.031730007,-0.13878497,0.114548296,0.10705496
0.4921991,0.46562406,0.14204967,0.026575029
0.09517245,0.07361182,0.107503206,0.021560632
-0.6047858,-0.6144548,0.13368507,0.009669006
-0.01824103,-0.040984664,0.11671541,0.022743635
1.6851023,1.5506796,0.15289003,0.13442278
1.9692682,1.8678828,0.1916578,0.101385355
0.2555834,0.3159156,0.07513045,-0.06033221
1.5440563,1.5235562,0.18881455,0.020500064
0.41458213,0.23700635,0.085690334,0.17757578
0.27790922,0.20661314,0.08563819,0.07129608
-0.42512557,-0.47804105,0.10136074,0.052915484
-2.5759103,-2.4544675,0.37130877,-0.121442795
-0.2719226,-0.37122402,0.09321909,0.09930143
0.9303266,1.5517015,0.21525098,-0.62137496
0.44776154,0.44506603,0.13768536,0.0026955009
1.9223101,1.8669738,0.18199506,0.055336356
-0.6300794,-0.44446853,0.15518488,-0.18561086
-1.7649617,-1.547595,0.21433012,-0.2173667
-0.23651245,-0.7929348,0.18447225,0.55642235
-0.43441394,-0.5187337,0.1589799,0.08431974
0.07280878,0.024639087,0.0939652,0.048169695
-0.92407066,-0.8950608,0.16665263,-0.029009879
-0.39930663,-0.17650369,0.09005848,-0.22280294
-1.2598948,-0.64479774,0.28785244,-0.6150971
-1.2624124,-1.1368139,0.13301007,-0.12559855
0.52382946,-0.5550391,0.193736,1.0788686
0.35246298,0.10517537,0.06322073,0.2472876
0.18619865,0.1775423,0.07154721,0.008656353
-0.4412977,0.17677826,0.12558283,-0.61807597
0.55203104,0.23804145,0.061633598,0.31398958
2.453037,2.4702358,0.26585403,-0.017198801
-0.15715863,0.11009406,0.0737357,-0.26725268
0.2621999,0.22315766,0.09314578,0.03904225
1.3526745,1.2359349,0.13807218,0.11673963
-0.32361218,-0.22317515,0.09550205,-0.10043703
-0.2943428,0.10325821,0.108748965,-0.397601
-0.30426154,-0.37812206,0.109025985,0.073860526
0.6925463,0.3430336,0.11569458,0.3495127
-1.549734,-1.438505,0.17183442,-0.11122894
-0.2516022,-0.6541811,0.18043579,0.40257892
0.2239042,0.17048489,0.08658957,0.05341932
-4.0143843,-3.3863027,0.32489845,-0.62808156
-0.70436287,-0.64428526,0.12330497,-0.060077608
-0.8500331,-1.8883117,0.25560305,1.0382786
-0.27553618,-0.230771,0.11516734,-0.044765174
-0.2454536,-0.09007809,0.10703678,-0.15537551
0.49723038,0.51994663,0.12689126,-0.022716254
0.74862427,0.66836923,0.094043106,0.08025503
-0.70254713,-0.8706293,0.11948758,0.16808218
-0.5714228,-0.33542386,0.07616281,-0.23599896
0.10909311,0.07244085,0.08929058,0.03665226
0.31552005,0.33125326,0.08421661,-0.015733212
-0.06576144,-0.14335905,0.08265244,0.07759761
-1.8891497,-1.5442061,0.20965415,-0.34494352
-0.0683445,-0.0801128,0.068435505,0.011768296
-0.46634123,-0.5265678,0.121907406,0.06022659
-0.9531076,-0.85088414,0.21338084,-0.102223456
0.42799133,0.4760688,0.09135124,-0.048077464
1.49442,1.3649005,0.16538538,0.12951958
-0.05747824,0.1889414,0.23392473,-0.24641964
-0.7194205,-0.48918188,0.12525469,-0.23023862
2.4662604,2.5645528,0.2368158,-0.09829235
0.026937325,-0.06442195,0.06775622,0.09135927
-0.68860674,-0.4995316,0.11731789,-0.18907514
0.052153308,-0.084505744,0.108472236,0.13665906
0.06684024,-0.32651523,0.07679548,0.39335546
-0.3356153,-0.18600613,0.0584121,-0.14960918
-0.26671478,-0.17151454,0.16826272,-0.09520024
-0.69540906,-0.5055978,0.1542067,-0.18981129
1.5467829,1.4703035,0.22297005,0.076479316
-1.01347,-1.5593029,0.22799687,0.5458329
-1.5628237,-0.93384576,0.15001912,-0.6289779
0.9000472,0.8743724,0.10367701,0.02567476
-1.5129977,-1.9567116,0.32657638,0.4437139
-0.45035237,0.009845926,0.13751629,-0.46019828
-0.8047695,-0.42355672,0.10068642,-0.3812128
0.07568387,0.08908399,0.07605421,-0.0134001225
-0.02250815,0.08243983,0.08352169,-0.104947984
-0.71798146,-0.42865783,0.14009821,-0.28932363
0.61022496,0.55040514,0.069565915,0.059819818
0.33969337,0.20092984,0.07092698,0.13876353
0.31239495,0.25704306,0.06554329,0.055351883
1.0927248,1.0988926,0.13657628,-0.0061677694
0.11285986,0.103142574,0.07300023,0.009717286
0.09512581,0.14260803,0.0580854,-0.047482222
0.008360008,0.04156181,0.066290215,-0.0332018
1.3141576,1.3292753,0.20594746,-0.015117645
0.37402984,0.26106596,0.062014062,0.112963885
-0.5749499,-0.37198827,0.0924394,-0.20296165
0.3691556,0.2322795,0.06488861,0.13687609
0.15688045,0.13551416,0.06431294,0.021366298
0.11916557,-0.0064406223,0.07629438,0.1256062
-3.0610628,-3.452919,0.33439976,0.3918562
1.2654825,1.1382511,0.13047343,0.12723148
0.22332063,0.25551447,0.09276181,-0.03219384
1.1558897,1.4072386,0.15290195,-0.25134885
0.4145527,0.22343756,0.20316601,0.19111513
1.9661477,1.7846,0.18695557,0.18154764
0.12983039,0.20240231,0.085461,-0.07257192
-0.1499657,-0.22085696,0.07639403,0.07089126
-0.029559089,0.14950539,0.07533163,-0.17906448
0.8163013,0.74887735,0.091768585,0.06742394
0.5303479,0.63704425,0.07857342,-0.10669637
0.3000848,0.2980656,0.08606469,0.0020191967
0.07020937,0.004620467,0.077519,0.0655889
-0.022637505,-0.083000824,0.05663127,0.06036332
0.39903536,0.5034393,0.07396423,-0.10440394
-0.16435538,-0.14154908,0.11805714,-0.022806302
0.40928054,0.25353664,0.067315154,0.1557439
-0.6169214,-0.38759807,0.100582585,-0.22932336
0.2813041,0.3009187,0.12442248,-0.019614607
0.15972811,-1.2530324,0.2418086,1.4127605
1.2855978,1.2433692,0.1538847,0.04222858
0.5682333,-0.034282967,0.14377958,0.6025163
1.26612,1.2754921,0.12687476,-0.009372115
-0.37819076,0.12569222,0.090744436,-0.503883
0.8826295,0.9550222,0.1141299,-0.0723927
-0.17356765,-0.006325045,0.063853145,-0.1672426
-0.36187318,-0.24245651,0.09177153,-0.11941667
-0.5526718,-0.32487333,0.19103336,-0.22779846
0.7136909,0.64689684,0.08710111,0.06679404
0.17529152,0.17497526,0.08786748,0.00031626225
0.62393636,0.44695818,0.07547915,0.17697817
-0.8574776,-0.91541463,0.12336185,0.057937026
0.4573796,0.9096186,0.11605373,-0.452239
0.447582,0.46400544,0.07425478,-0.016423434
-0.06460875,0.015652884,0.06655047,-0.08026163
0.07016796,0.14238916,0.11437065,-0.072221205
0.5303437,0.4919339,0.08078918,0.0384098
-0.56709754,-0.88762265,0.16692385,0.3205251
2.8495767,2.6807582,0.29633352,0.16881847
-0.40484554,-0.4299801,0.0918877,0.025134563
0.2177463,0.15654641,0.05103819,0.06119989
1.1666021,0.98002857,0.13389787,0.18657357
-0.052920572,-0.25590587,0.15378974,0.20298529
0.30371884,0.16550623,0.08331579,0.1382126
0.61980665,0.47909546,0.06590358,0.14071119
0.28921822,0.23971072,0.0882557,0.0495075
-1.2870233,-0.85863227,0.2021273,-0.42839104
-1.7989745,-0.908216,0.3154111,-0.8907585
-0.32013756,-0.5485138,0.11095224,0.22837627
0.18885252,-0.025430316,0.08722633,0.21428284
0.06951016,0.025623647,0.087215364,0.043886513
-0.5747602,-0.38972783,0.12652153,-0.18503237
-0.80530214,-1.0289404,0.15895995,0.2236383
-0.5464637,-0.6225749,0.20143543,0.0761112
-0.721809,-0.6214984,0.13157177,-0.10031062
0.2261831,-0.0018382923,0.06974103,0.2280214
-3.8914175,-3.7409203,0.35273403,-0.1504972
0.6193665,0.57874036,0.08654831,0.04062617
0.3143392,0.13521582,0.07937109,0.17912337
0.26471627,0.18096595,0.124052554,0.08375032
0.2446946,0.12520114,0.06696163,0.11949347
-0.019046446,-0.2006009,0.1288445,0.18155447
0.04691508,0.07608406,0.044024296,-0.029168982
-0.13313147,-0.14763536,0.105600476,0.014503881
0.07062107,0.032074004,0.08001186,0.03854707
-0.030563273,-0.33944842,0.12632401,0.30888516
-3.5317721,-2.736677,0.26831648,-0.7950952
0.1088079,-0.16869731,0.12102154,0.27750522
-0.24122351,-0.21930002,0.09480725,-0.021923497
-3.5236845,-2.1171339,0.2485103,-1.4065506
0.030812362,0.099300765,0.0770989,-0.068488404
-0.4830998,-0.20441261,0.11090102,-0.27868718
1.2139429,1.079416,0.11913945,0.13452685
0.14984916,0.4139337,0.09030297,-0.26408452
0.38529706,0.13880675,0.21932046,0.24649031
-0.086515196,-0.06718605,0.08299098,-0.019329146
-2.0588043,-2.2372246,0.2889295,0.1784203
1.4308923,1.4095417,0.16580361,0.021350622
-0.026754672,-0.019792864,0.08600923,-0.0069618076
-0.7065824,-0.5146779,0.07876145,-0.19190454
0.4141093,0.36721787,0.11255434,0.04689142
-0.8968096,-1.0753447,0.17566821,0.1785351
0.313529,0.2973656,0.11716421,0.016163409
-0.057268906,0.037772123,0.05028195,-0.09504103
-0.108049095,-0.03831365,0.09379233,-0.069735445
-3.3015084,-2.6681077,0.27088848,-0.6334007
-0.91283464,-0.7992386,0.11749538,-0.11359602
-0.694709,-0.25760373,0.09441527,-0.43710527
-1.2764385,-0.39029568,0.1710657,-0.8861428
-0.018959552,0.0293415,0.06914738,-0.048301052
1.2670436,1.0031326,0.13195178,0.263911
-1.6556224,-1.9864482,0.2953077,0.3308258
0.25382504,0.29255807,0.10781807,-0.038733035
0.612275,0.6796991,0.18404637,-0.06742412
0.26079598,0.17459086,0.062716156,0.086205125
1.1295716,1.1889884,0.15897694,-0.05941689
-0.8755084,-0.8513653,0.13081728,-0.0241431
0.89752185,0.9148757,0.10389578,-0.017353833
0.20003618,0.17329083,0.090269595,0.02674535
-2.4371848,-0.91899055,0.17663059,-1.5181942
0.2045544,0.25320122,0.11936077,-0.048646823
0.09863641,0.11905585,0.059172664,-0.020419441
0.3212036,-0.21833453,0.15864979,0.53953815
-0.5891002,-0.47264406,0.11861188,-0.11645612
0.09076746,0.062352702,0.04329097,0.028414756
0.5066365,0.4611474,0.063865155,0.045489103
-0.32764947,-0.12361323,0.09461194,-0.20403624
0.092581056,-0.097102515,0.06186202,0.18968357
0.948076,0.91118014,0.11376881,0.03689587
-1.0774981,-1.0865424,0.16901743,0.00904429
-0.040884875,0.047755245,0.12993068,-0.08864012
-0.036391437,0.03809335,0.049698967,-0.07448479
-0.46548176,-0.3942366,0.12136799,-0.07124516
-0.08890639,-0.14417909,0.08196141,0.0552727
0.68691885,0.7393842,0.11547457,-0.05246532
0.4889571,0.35660666,0.07300667,0.13235044
0.3504794,0.28062826,0.06484632,0.06985113
0.22574706,-0.0048886556,0.09806217,0.23063572
3.002002,2.5540545,0.26555163,0.4479475
0.33385476,-0.03473605,0.17994525,0.3685908
0.3711957,0.037992015,0.1441071,0.33320367
-0.13722931,-0.10908542,0.07279129,-0.02814389
1.2009672,1.1349744,0.12297772,0.06599283
-0.18974273,-0.36902007,0.10784286,0.17927735
-0.693705,-0.50746566,0.09326303,-0.18623936
-0.26245147,-0.19185378,0.10690775,-0.07059769
-0.20702715,-0.238573,0.09385755,0.031545848
0.34573805,0.8474299,0.123491466,-0.5016918
0.10439246,0.37098455,0.06773171,-0.2665921
1.3771794,1.3507135,0.14791793,0.026465893
-3.8444822,-3.5827458,0.35958552,-0.2617364
1.4273131,1.2049248,0.14145444,0.22238827
-3.2084458,-2.6134346,0.4139408,-0.59501123
-0.75292754,-1.2244023,0.14586018,0.47147477
0.079192616,-0.10314196,0.15607686,0.18233457
1.0995734,0.9671765,0.16137299,0.13239688
0.33748785,0.46619278,0.13379335,-0.12870494
-2.5813704,-2.449095,0.27358902,-0.13227534
0.111084744,-0.027281588,0.06936177,0.13836633
0.83390355,1.1185286,0.16575055,-0.28462505
-0.02569113,0.07043704,0.142812,-0.096128166
0.07377776,-0.14124405,0.10253229,0.21502182
0.9080398,0.88706034,0.17464633,0.020979464
0.010252372,-0.17615621,0.080228105,0.18640858
0.022904241,-0.33708593,0.13769025,0.35999018
-0.66905004,-0.15419723,0.119897656,-0.5148528
0.32051426,0.16042694,0.08195285,0.16008732
-0.014740894,0.10278436,0.12916511,-0.11752525
-0.005346098,-0.079964876,0.074164435,0.07461878
0.35350382,0.30452833,0.06415929,0.048975497
0.13063984,0.033800233,0.12991785,0.09683961
0.2071726,0.13336587,0.057221986,0.07380673
-0.03764777,0.02525512,0.06085539,-0.06290289
-2.6853392,-2.53064,0.25556356,-0.15469933
1.6700603,1.7306968,0.18884727,-0.06063652
0.705035,0.62379456,0.09756081,0.081240416
-0.6859837,-1.2312294,0.19908603,0.5452457
-0.38194862,-1.5502478,0.21372968,1.1682992
0.3801759,0.37715966,0.071910456,0.0030162334
-0.038411375,-0.17983037,0.09365343,0.141419
-0.44168195,-0.62493247,0.11544549,0.18325052
-0.091751195,-0.34169182,0.13127895,0.24994063
-0.09839835,-0.17754534,0.07857419,0.07914699
0.0129022645,0.38651717,0.062488317,-0.3736149
-0.5568413,-0.31223822,0.087531336,-0.2446031
-0.99581856,-0.25267416,0.12541072,-0.7431444
-0.54700327,-0.41254613,0.07139498,-0.13445714
-0.029299127,0.019254776,0.05794364,-0.048553903
1.0579513,1.010571,0.10874313,0.04738033
0.6157247,0.50067174,0.06753887,0.11505294
-0.22172235,0.1667613,0.07668355,-0.38848364
0.5678193,0.29837105,0.14546193,0.26944825
-3.1740658,-2.2828538,0.2713824,-0.891212
-0.14308915,-0.16700944,0.08083757,0.023920298
-0.09519125,0.0028757653,0.080128215,-0.098067015
0.6738719,0.45400268,0.20515406,0.2198692
1.107393,1.1077924,0.13529563,-0.00039935112
-0.20222703,-0.31566033,0.17101344,0.1134333
0.08917955,-0.091942444,0.10441672,0.181122
1.486054,1.3962396,0.17616288,0.089814305
0.009017852,-0.02260925,0.06428732,0.031627104
-2.245664,-1.9569188,0.30339667,-0.28874505
0.30668715,0.493051,0.079586856,-0.18636385
0.09434458,0.057737205,0.10414898,0.036607374
-0.79873675,-0.23764183,0.11729487,-0.56109494
0.1347594,0.2548498,0.06632535,-0.120090395
0.58499193,0.49994546,0.068529464,0.08504647
0.32679138,0.28759608,0.09194777,0.0391953
0.2916589,0.16197844,0.10714385,0.12968047
0.3895378,0.43766308,0.06924704,-0.048125267
0.13162546,-0.0005546543,0.07209402,0.13218011
-0.13043804,-0.14029258,0.057197187,0.00985454
-2.831944,-2.9619002,0.29788685,0.12995625
-0.50514114,-0.42325222,0.11120915,-0.081888914
-0.45264074,-0.6122478,0.11102824,0.15960708
0.68329394,0.5580816,0.080116324,0.12521231
2.8492224,2.7639644,0.28441638,0.08525801
2.8044956,2.7178266,0.25883815,0.08666897
0.661333,0.77554137,0.23672912,-0.11420834
2.1947677,2.1850414,0.22944914,0.009726286
0.17912893,0.19130112,0.10874221,-0.012172192
1.0370953,0.71069944,0.11098728,0.32639587
0.9827975,1.0757896,0.121037155,-0.09299207
-0.4801211,-0.2935348,0.06821277,-0.18658632
-0.5854879,-0.35024294,0.105558924,-0.23524496
0.40843698,0.5183683,0.0863725,-0.10993132
-0.18869314,-0.009463554,0.12033724,-0.17922959
-0.38344803,-0.3392614,0.11457538,-0.044186622
-1.7491956,-1.2220029,0.20211264,-0.5271927
-1.079544,-0.9278252,0.1460244,-0.15171874
2.462279,2.42695,0.23842491,0.035329103
-0.053748846,-0.19950983,0.09788328,0.14576098
-0.7072221,-0.16066988,0.11225132,-0.54655224
-0.20440015,-0.05259229,0.06760044,-0.15180786
-0.10677456,-0.0803885,0.06912922,-0.02638606
-0.033389628,0.005590662,0.05239384,-0.03898029
2.134056,1.991667,0.19256286,0.14238906
3.0495782,2.8842487,0.2989202,0.16532946
-0.029730402,0.0515417,0.050681848,-0.0812721
1.2406646,1.1023772,0.12011518,0.13828743
0.00021813462,-0.017669095,0.07846263,0.01788723
-0.8935157,-0.42189154,0.08754222,-0.47162417
0.6767303,0.51240534,0.11040357,0.16432494
0.03638659,-0.2716382,0.08016173,0.3080248
0.010013778,-0.14624152,0.0896865,0.15625529
0.28184548,0.28557894,0.14659008,-0.0037334561
-0.9678487,-0.55457515,0.11933135,-0.41327357
1.456484,1.1266509,0.13006975,0.32983303
-0.19846314,-0.19302537,0.12943445,-0.0054377764
0.031290926,-0.13588215,0.08581867,0.16717309
0.6639381,0.6037002,0.08568791,0.060237885
-0.27699274,-0.23297457,0.077872775,-0.044018164
4.7675667,4.575266,0.4569842,0.1923008
0.5922779,0.45006606,0.09180965,0.14221182
-0.7901367,0.985445,0.96472174,-1.7755817
-0.52302194,-0.46679896,0.1506078,-0.056222975
-0.116586454,0.088695176,0.06995179,-0.20528163
-0.20619892,-0.4827546,0.13158095,0.27655566
-0.55626667,-0.93357855,0.2164067,0.3773119
-0.66660166,-0.9065419,0.14193587,0.23994023
0.084667705,-0.013742658,0.1028987,0.09841036
0.40017003,0.6492538,0.11661742,-0.24908376
0.053272065,0.11141183,0.09758056,-0.058139767
-0.23593983,-0.26647675,0.091243535,0.03053692
0.6704248,0.7101226,0.13156158,-0.039697766
0.061182573,0.14008111,0.0728146,-0.078898534
0.08564349,0.05786728,0.055593885,0.027776212
0.21183191,0.09896634,0.07060036,0.112865575
-0.23289463,-0.3664469,0.10320215,0.13355228
0.7093847,0.60567325,0.10486261,0.103711426
0.6735028,0.6614078,0.09859408,0.0120949745
-2.6249418,-1.985454,0.2902051,-0.63948786
-2.1647496,-1.3698938,0.3662618,-0.79485583
-0.49546248,-0.90981597,0.11568044,0.4143535
0.02057903,0.09029219,0.07213547,-0.06971316
0.74660814,0.7682794,0.10345315,-0.021671236
-0.09490847,-0.27747336,0.07691392,0.18256488
2.6841507,2.4076018,0.24925636,0.27654886
-0.20625514,-0.35097244,0.16419858,0.1447173
0.0702636,0.105047375,0.070800275,-0.034783773
0.6264307,0.5393559,0.09612792,0.087074816
0.47642225,0.1534387,0.10002868,0.32298356
0.05492105,0.12823781,0.05668461,-0.07331677
-0.55717534,-0.83303624,0.21239215,0.2758609
-0.7096713,-0.21046636,0.1284279,-0.49920496
-0.077470414,-0.18220384,0.09506958,0.10473343
0.8830011,0.87492555,0.13929151,0.008075535
-0.02101893,-0.08862265,0.068560004,0.06760372
-0.9287303,-1.0315578,0.2436724,0.10282749
0.15927565,0.1499397,0.06495353,0.00933595
0.006550318,0.004969239,0.06203299,0.0015810793
-0.30327016,-0.2529439,0.083743624,-0.050326258
-0.33236593,-1.4334439,0.21440895,1.101078
-0.38804087,0.11727166,0.080220155,-0.50531256
0.8145557,0.7241674,0.24129587,0.0903883
0.020992165,-0.0010043674,0.05987778,0.021996533
0.20531386,0.2474928,0.09907123,-0.042178944
-0.99798536,-1.1919122,0.25075346,0.19392681
-1.013906,-0.5534179,0.15348783,-0.46048808
-0.21796978,0.0051172627,0.08653374,-0.22308704
-3.7178924,-3.1250029,0.31883222,-0.59288955
0.123779915,-0.016540669,0.06892966,0.14032058
2.154565,2.00679,0.21307887,0.14777517
0.24435581,0.30011258,0.062064115,-0.055756763
0.5040091,0.52976567,0.077276565,-0.025756538
2.1517866,2.0393617,0.20910592,0.11242485
-0.3520497,-0.3141191,0.10137257,-0.037930608
-1.0950838,-1.4961041,0.19647922,0.4010203
-0.15176937,-0.19785763,0.07731555,0.046088263
-0.75733745,-0.90139353,0.1829975,0.14405608
-2.7427325,-0.26020318,0.2683664,-2.4825294
-0.8754636,-0.85434043,0.16034922,-0.02112317
-0.18781257,-0.13127993,0.094249904,-0.056532636
-0.75480705,-0.7087115,0.14730234,-0.04609555
-2.3735712,-3.1295772,0.31857967,0.756006
-0.7524693,-0.68010485,0.18309379,-0.07236445
-0.24462561,-0.26972142,0.12519518,0.025095806
-0.0023622036,0.06947582,0.04294532,-0.07183803
-0.15430823,-0.4523148,0.08564587,0.29800656
-1.3555015,-2.3154836,0.2658963,0.95998204
-0.53621274,-0.40574843,0.1488251,-0.13046432
-2.0819762,-1.5096385,0.26158828,-0.5723376
-0.76291794,-1.1028255,0.14015771,0.3399076
0.29134354,0.071572006,0.05708333,0.21977153
-0.17500943,-0.14640653,0.078469396,-0.028602898
0.91835564,0.29710615,0.13121952,0.6212495
-1.8961042,-2.512504,0.26911536,0.6163999
0.9158907,0.91707385,0.1297603,-0.0011831522
1.1882648,1.2781813,0.14611314,-0.08991647
-0.15132688,0.14150684,0.09067063,-0.29283372
0.035521243,-0.16235353,0.08608113,0.19787477
0.69889206,0.6456021,0.08726939,0.05328995
0.024508325,-0.30878857,0.09272457,0.3332969
-0.76863575,-0.81276226,0.18846177,0.04412651
2.2226706,2.1157274,0.22467023,0.10694313
0.29890314,0.23598301,0.077686295,0.06292012
-0.36657336,-0.24384516,0.11051947,-0.1227282
0.18836647,0.16136108,0.072520636,0.02700539
0.07866462,-0.12652253,0.09496455,0.20518714
0.056011736,0.076186456,0.04526095,-0.02017472
-0.3259105,-0.18196268,0.099139646,-0.14394782
0.32491705,0.17230736,0.05192752,0.15260969
0.2715535,0.2634922,0.07706738,0.00806129
-0.44738692,-0.259548,0.06720145,-0.18783891
0.103491336,0.086232364,0.08604712,0.017258972
0.34467983,0.18802693,0.05419588,0.1566529
0.114199825,0.42355588,0.103521004,-0.30935606
-0.013096813,0.08684026,0.13610259,-0.09993707
0.23424347,0.24009597,0.06676069,-0.0058525056
0.7368079,0.794842,0.12046425,-0.058034122
0.14081344,0.034449972,0.08259139,0.10636347
0.25098976,0.35018933,0.07889086,-0.09919956
-0.30932638,-0.08935454,0.11435759,-0.21997184
1.667076,1.4546138,0.16018459,0.21246219
-0.050034493,-0.12020472,0.096546516,0.07017022
-1.550714,-1.2151023,0.17935942,-0.3356117
-0.20976545,-0.3650226,0.06585626,0.15525715
-2.6494064,-2.4528944,0.3028003,-0.19651198
-0.8615756,-0.38346726,0.116589464,-0.47810835
0.058922656,0.13149145,0.041793603,-0.0725688
1.3529376,1.4727501,0.16759887,-0.11981249
-0.29106173,-0.024813086,0.109617054,-0.26624864
-0.21001232,-0.38509896,0.08792197,0.17508665
-1.6953416,-1.5720167,0.1919991,-0.12332487
0.13133097,0.123384036,0.11266104,0.007946931
0.724669,0.755432,0.09935133,-0.03076303
0.11638277,-0.176875,0.10491167,0.29325777
0.14646687,0.019900547,0.04476469,0.12656632
0.40003946,0.40298387,0.09653657,-0.0029444098
0.19979024,-0.0035612169,0.08575973,0.20335145
0.636628,0.3348367,0.088397406,0.30179128
0.14065723,0.08947717,0.0624296,0.051180065
-0.051507972,0.0030075018,0.077007435,-0.054515474
1.614549,1.522533,0.16064432,0.09201598
-0.78753555,-0.8023016,0.15603954,0.014766037
-0.24996066,0.007941197,0.09602136,-0.25790185
-1.7550353,-0.6512446,0.2111471,-1.1037908
0.401398,0.284867,0.094996326,0.116531014
0.9589995,0.74950624,0.08650448,0.20949328
0.33260533,0.31938595,0.10232684,0.013219386
0.06439695,0.08663074,0.06989772,-0.022233792
-0.12931374,-0.18236454,0.10132779,0.0530508
1.5552143,1.7263204,0.1830087,-0.1711061
-0.7480015,-0.16972731,0.081636384,-0.5782742
-1.89322,-2.3547142,0.319649,0.4614942
0.0967575,-0.24678908,0.098244965,0.34354657
-0.7325432,-0.3306287,0.07704566,-0.40191448
-1.2358544,-0.5913224,0.12904003,-0.64453197
0.23602405,0.18599714,0.07106406,0.05002691
-0.22426341,-0.1339437,0.07242546,-0.09031971
0.864141,0.81974745,0.100064814,0.04439354
0.7994989,0.72867477,0.093335696,0.070824146
-0.7718492,-0.59386206,0.116696596,-0.17798716
-0.45110974,-0.39251506,0.11277872,-0.058594674
-0.093273394,-0.009469515,0.068492755,-0.08380388
-0.047679335,-0.16833808,0.10744983,0.12065874
0.2839375,0.22331464,0.08081624,0.06062287
-0.32213268,-0.18275817,0.081456386,-0.13937451
-1.0213994,-1.1230422,0.20806238,0.10164285
-0.6394152,-1.0921422,0.15116617,0.45272702
0.071604274,-0.041784562,0.124332376,0.11338884
-0.3303165,-0.39031878,0.12327875,0.060002267
-0.20174067,-0.07401604,0.06103852,-0.12772462
-0.03758957,-0.22121358,0.096107945,0.18362401
0.8389626,0.820118,0.10551673,0.018844604
-1.045202,-0.7472388,0.26666087,-0.2979632
-0.12770802,-0.08428311,0.069090165,-0.043424904
2.1837246,2.2458777,0.23439692,-0.0621531
0.07794875,0.051718436,0.05371178,0.026230313
-0.025249219,-0.135171,0.09889031,0.109921776
-0.5474352,-0.325094,0.08791376,-0.22234121
0.21296334,0.12494684,0.075245045,0.0880165
-0.0697181,-0.19048423,0.097797565,0.120766126
-1.1186672,-0.9057549,0.16690612,-0.21291232
0.68296695,0.7269167,0.13827212,-0.043949723
0.13781178,-0.33840016,0.10189126,0.47621194
0.59688365,0.46404582,0.15662828,0.13283783
0.9740539,0.85810345,0.14759949,0.115950465
0.06951022,0.04291991,0.09152424,0.02659031
2.8912125,3.0423832,0.28247204,-0.15117073
-0.9882592,-1.5806055,0.28528878,0.5923463
0.64138615,0.9061887,0.1604593,-0.26480258
1.3632048,1.1375445,0.12293734,0.22566032
-0.56189406,-0.37440294,0.1366119,-0.18749112
-0.20394784,-0.21306714,0.11179221,0.009119302
0.17987141,0.10469651,0.076831765,0.0751749
-0.32748625,-0.69551873,0.14388749,0.3680325
0.075301945,0.06299831,0.083975665,0.0123036355
0.18670686,0.1588155,0.0845932,0.027891353
3.14193,2.432849,0.25492936,0.7090812
0.5087286,0.13722315,0.1344026,0.37150547
0.07976106,-0.0548012,0.08798602,0.13456225
0.2671936,0.23692757,0.06855932,0.030266017
0.19372901,0.35946044,0.22794735,-0.16573143
-1.2008785,-1.0793611,0.22309847,-0.12151742
-0.043569405,0.012188973,0.07348996,-0.05575838
-1.2132823,-0.97858053,0.14521821,-0.23470181
-0.15834022,-0.11876565,0.08501656,-0.039574564
-0.3797594,-0.1710264,0.060606122,-0.208733
0.6272417,0.32692552,0.07156126,0.30031615
-1.5280918,-0.23351413,0.21247429,-1.2945776
0.44680047,0.3334133,0.05537031,0.11338717
-1.113765,-0.73091996,0.13126114,-0.38284504
-0.71933675,0.034796916,0.1562164,-0.75413364
-0.2814165,-0.011371539,0.08232514,-0.27004495
-0.11350069,-0.055197984,0.065120846,-0.058302708
2.5210845,2.5564747,0.2787633,-0.03539014
0.07113412,0.07890551,0.121298455,-0.0077713877
0.2742902,0.3971358,0.06525184,-0.12284559
2.3385096,2.3005419,0.22845861,0.037967682
-0.045279883,-0.20927088,0.08126216,0.163991
-0.33009169,-0.2177847,0.09421737,-0.11230698
-0.56961,-0.2859188,0.083821386,-0.2836912
0.89338285,1.12757,0.13885902,-0.23418719
0.024036083,-0.03229494,0.05155435,0.056331024
0.40000042,0.1410238,0.095421515,0.25897664
-0.03709212,-0.17785992,0.117774576,0.1407678
-0.26093543,-0.31974965,0.08450022,0.058814228
-0.3578287,-0.45520166,0.09588562,0.09737295
-0.48339888,-0.28521344,0.10224745,-0.19818544
-0.67027134,-0.13871269,0.1800784,-0.53155863
2.8309677,3.025664,0.31511486,-0.19469643
-0.117093,-0.45233813,0.1255346,0.33524513
0.08230165,-0.0869614,0.10061788,0.16926305
-0.21287967,-0.39116496,0.086703435,0.17828529
0.066025294,-0.46641913,0.11144304,0.5324444
0.41992188,0.37107608,0.08100757,0.048845798
2.8626416,2.6816916,0.29373327,0.18094993
1.1666237,1.0188106,0.14311782,0.14781308
0.46205786,0.32653195,0.06409796,0.13552591
-0.6252875,-0.3858289,0.09677462,-0.23945856
0.12904054,-0.13542303,0.1111958,0.26446357
0.7645646,0.76721525,0.100769036,-0.0026506782
-0.2262999,-0.3086,0.13138191,0.08230011
0.087672964,-0.16915932,0.11771419,0.2568323
-0.71215856,-0.5776531,0.09383874,-0.13450545
0.12599415,0.17656289,0.09511454,-0.050568745
-0.2357701,-0.5993876,0.113732755,0.36361748
-1.0076667,-1.0238804,0.15543923,0.016213655
-0.47035953,0.06520114,0.13454112,-0.53556067
-0.6143251,-0.019362476,0.06751274,-0.59496266
-0.043433033,-0.36762887,0.09239991,0.32419583
-0.6273722,-0.57735234,0.0935495,-0.05001986
0.53582066,0.55952704,0.08488655,-0.023706377
0.80777067,1.0189735,0.10312615,-0.2112028
0.035590485,0.009687923,0.06513435,0.025902562
3.1666129,3.1013086,0.2995722,0.06530428
-2.3953652,-2.100784,0.255299,-0.29458117
0.24864142,0.108477876,0.09128916,0.14016354
-0.19924408,-0.27429914,0.105225846,0.07505506
0.6491745,0.6192918,0.07195686,0.029882729
0.08540841,-0.028765447,0.07284138,0.11417386
0.5518782,0.6025935,0.11711229,-0.050715268
-0.16420627,-0.063289896,0.08262383,-0.10091637
-0.41274112,-0.05938907,0.08495235,-0.35335207
-0.028595908,0.055747326,0.10640294,-0.08434323
-1.5963752,-1.9804405,0.403243,0.38406527
-0.01803209,0.011173235,0.057360448,-0.029205326
0.16795576,-0.14650689,0.108898155,0.31446266
-0.06706485,-0.14720696,0.08615371,0.08014211
0.84912395,0.30372053,0.17693995,0.5454034
0.51844156,0.55329096,0.08438371,-0.034849405
-0.267029,-0.24536887,0.1794596,-0.02166012
-2.00619,-1.1152015,0.17009096,-0.8909886
0.47858724,0.34622034,0.13276044,0.1323669
0.87286526,0.59454906,0.14919093,0.2783162
1.2157588,1.1749961,0.1764385,0.040762663
-0.27059266,0.34551013,0.07440971,-0.6161028
0.06459033,-0.2547143,0.13618891,0.31930465
0.4091282,0.34189305,0.062158592,0.06723514
-0.23868158,-0.106013514,0.048984364,-0.13266808
-0.77524227,-0.6754511,0.18492132,-0.09979117
2.33055,2.1845243,0.22240534,0.14602566
-0.28013763,-0.23149706,0.11382574,-0.048640564
-0.4840485,-0.5063197,0.13432774,0.022271216
0.09847919,-0.04502177,0.0961343,0.14350095
0.42618632,0.3023827,0.09788059,0.123803616
0.58182245,0.6387334,0.08165315,-0.056910932
-0.15174851,-0.124407776,0.103640735,-0.027340733
0.29535794,0.31060463,0.06476614,-0.015246689
1.693256,1.588922,0.15175696,0.104334
0.030651433,-0.16582917,0.09043209,0.1964806
0.22989538,0.31129116,0.0839699,-0.081395775
-0.10788538,0.019782942,0.08991676,-0.12766832
0.26992577,0.16477504,0.052376516,0.10515073
-0.16410102,-0.12913395,0.0738393,-0.034967065
-2.9632397,-1.9266268,0.28827587,-1.0366129
0.012741995,0.111999236,0.059833255,-0.09925724
0.88590896,0.908396,0.13648616,-0.022487044
0.17751186,0.24799024,0.10787105,-0.07047838
1.0163618,0.8839724,0.11533036,0.13238943
0.45777655,0.2909038,0.06584594,0.16687274
0.52419204,0.39916763,0.09574412,0.12502441
0.27166697,0.22218563,0.056535322,0.049481347
-0.110719755,-0.20386507,0.09722921,0.09314531
0.073355235,0.20361505,0.06219655,-0.13025981
0.12512423,0.104963794,0.049038652,0.020160437
1.5190932,1.4234204,0.15185593,0.09567273
-0.123454176,0.0944467,0.1591779,-0.21790087
0.2857113,0.15167157,0.06709696,0.13403971
0.3235262,-0.030272797,0.18038917,0.353799
0.2906314,0.15870486,0.06655584,0.13192655
0.047200162,-0.042829067,0.098427534,0.090029225
-0.69792664,-0.48696762,0.13267186,-0.21095902
0.20638931,0.036601696,0.06393564,0.16978762
-0.31547892,-0.003875715,0.07260014,-0.31160322
0.28368503,0.17044961,0.08947358,0.113235414
0.24129912,0.25910142,0.07412337,-0.017802298
0.044018853,0.034607623,0.0654959,0.009411231
0.28559068,0.3513618,0.0660668,-0.06577113
0.15247804,0.15526746,0.08881969,-0.0027894229
0.10174766,0.11181728,0.101451315,-0.010069616
-0.23429829,-0.29106602,0.15383795,0.056767732
-0.7159604,-0.37778854,0.08193538,-0.33817184
-0.0019295237,0.056790236,0.07798138,-0.05871976
-0.6789458,-0.5550665,0.10210481,-0.123879254
0.58045495,0.54875517,0.08646674,0.031699777
-0.5089305,-0.26760378,0.105996504,-0.24132672
-0.35987103,-0.26888475,0.1136855,-0.09098628
-0.27744985,-0.53654987,0.1230616,0.25910002
-0.16069388,-0.21938846,0.0784123,0.05869457
0.038607217,-0.016534284,0.06581236,0.0551415
-0.19475438,-0.35193896,0.1232771,0.15718459
0.37697706,0.3293648,0.06510604,0.04761225
-0.32072854,-0.42877644,0.17957377,0.1080479
0.87563574,0.60628265,0.11143459,0.2693531
0.46028444,0.1929285,0.07256931,0.26735595
-0.021059658,-0.2151977,0.10340286,0.19413804
1.397628,1.3457572,0.14212206,0.051870704
2.0554013,2.058341,0.2097669,-0.002939701
-1.0843174,-0.14980437,0.26428106,-0.9345131
0.062603615,-0.05569712,0.097484216,0.118300736
-0.19813786,-0.41276813,0.11520447,0.21463026
-0.039871436,-0.017643614,0.059605632,-0.022227822
-0.011925807,0.054909635,0.0447166,-0.06683544
0.6194496,0.6098588,0.07988259,0.009590805
0.8827363,0.93280953,0.115880124,-0.050073206
-0.23755884,0.1616257,0.15083095,-0.39918453
1.1359036,1.1105558,0.12536457,0.025347829
4.558399,4.35871,0.45296285,0.19968939
-0.06130639,-0.23048827,0.092833325,0.16918188
-0.1927229,-0.43284276,0.2939844,0.24011986
0.004048922,-0.19178788,0.09437522,0.19583681
0.23107904,0.07542588,0.09780908,0.15565316
-5.0303044,-3.6616297,0.39816332,-1.3686748
-0.04910429,-0.07785162,0.067215815,0.028747335
-0.14358225,-0.09241213,0.07827692,-0.051170126
-1.8321439,-0.21503042,0.189771,-1.6171135
0.23929793,-0.8943839,0.200711,1.1336818
0.14836195,0.08624842,0.077296086,0.06211353
0.009399217,-0.3035304,0.21712783,0.3129296
0.20138487,0.25113916,0.1304122,-0.04975429
-0.22822036,-0.149999,0.109038286,-0.078221366
0.16078018,0.19074307,0.09124681,-0.029962897
-0.028833576,0.17431612,0.11424381,-0.2031497
-0.123996966,0.039736748,0.0545713,-0.16373372
-0.43832535,-0.103951365,0.08060532,-0.33437398
0.7125076,0.66705984,0.09342321,0.045447767
-0.32799816,-0.4440277,0.097893305,0.11602953
-1.7958901,-2.5824666,0.33849597,0.7865765
0.1419062,0.047992125,0.060998585,0.09391408
-0.60003793,-0.20178084,0.08761149,-0.39825708
-0.55310446,-0.44603956,0.17681459,-0.1070649
0.21918222,0.20143007,0.06194596,0.017752156
-0.05590924,0.058050342,0.068376206,-0.11395958
-0.011127167,0.094220124,0.06239769,-0.10534729
0.17474243,-0.001604548,0.07811246,0.17634697
1.0044252,0.8020702,0.13816926,0.20235497
0.15656303,-0.124922656,0.15098876,0.28148568
-0.13704702,-0.060735222,0.09458726,-0.0763118
-0.57233304,-0.48822713,0.100261316,-0.08410591
1.7904851,1.7797713,0.18708713,0.010713816
1.8360268,1.6694068,0.18193993,0.16662002
0.12721919,-0.025622152,0.10357879,0.15284133
-0.36972398,-0.40591666,0.08787348,0.036192685
0.11513956,-0.24184538,0.10851434,0.35698494
0.31165606,0.34549347,0.07865631,-0.033837408
0.28300983,0.26590002,0.067462675,0.017109811
0.48242024,0.1052362,0.17662853,0.37718403
-0.8444309,-0.6188829,0.17178977,-0.22554803
0.10506432,0.31693032,0.20746394,-0.211866
-0.018727671,0.084638156,0.067129254,-0.10336582
0.2710149,0.24219683,0.08588968,0.02881807
0.28356305,0.29366404,0.07893615,-0.0101009905
0.35949168,0.24407886,0.09362855,0.11541282
-0.3623649,-0.38294825,0.08927202,0.020583361
0.24192174,0.11428392,0.06887012,0.12763782
0.35898575,0.07935227,0.12760782,0.2796335
-0.65851533,-0.32124028,0.10956478,-0.33727506
0.25720066,0.21780661,0.06771559,0.03939405
-3.5299017,-2.1319351,0.26687938,-1.3979666
0.076469496,0.07232475,0.06435886,0.004144743
0.4940568,0.57799524,0.22192541,-0.08393845
-0.04140688,-0.06090831,0.088528074,0.019501429
-0.16806172,-0.13373247,0.108092934,-0.03432925
-0.2463091,-0.35916272,0.07342194,0.11285362
-0.1460176,-0.03138478,0.09084721,-0.114632815
-1.4218696,-1.5814799,0.18365327,0.15961027
0.35138372,0.07885377,0.10193037,0.27252996
0.080728166,-0.115390345,0.08866744,0.1961185
-0.056446362,-0.036704466,0.10044546,-0.019741897
0.018744212,0.12383741,0.07544877,-0.105093196
0.53730536,-0.027371619,0.19506751,0.564677
-1.6598865,-0.83189875,0.12220989,-0.82798773
0.5128023,0.4129462,0.061729364,0.09985611
0.3515581,0.24684992,0.07824741,0.104708165
1.0994095,1.1291591,0.14135322,-0.029749632
0.3560209,-0.0762389,0.09029981,0.4322598
-0.12095186,-0.013424772,0.064754605,-0.10752709
-0.024639523,0.2781094,0.07376755,-0.30274892
-0.61290896,-0.36088073,0.09979304,-0.25202823
0.1268028,0.14567225,0.08112244,-0.018869445
0.6065418,0.47689778,0.17710716,0.12964404
1.2942278,1.4249117,0.18614288,-0.1306839
0.006969055,0.0027522119,0.058354944,0.0042168433
-0.26413473,0.25954068,0.11009664,-0.52367544
0.21332374,0.18056636,0.1674588,0.032757387
-1.2800175,-0.6066268,0.17513387,-0.6733907
0.029410593,-0.01486486,0.08749603,0.044275455
-1.8691351,-1.9133266,0.27188843,0.04419148
-1.8719163,-1.8928112,0.1877142,0.020894885
0.6235124,0.6175694,0.09427867,0.0059430003
0.8029589,0.59999657,0.0853925,0.20296234
-0.74962926,-0.92581356,0.12591846,0.1761843
0.46373412,0.35094425,0.06617966,0.11278987
1.1806573,1.193065,0.14237067,-0.01240778
-1.3175871,-1.8137835,0.34547147,0.4961964
0.47967598,0.19546077,0.10883539,0.2842152
-0.4964188,-0.21409136,0.16567805,-0.28232744
0.054167543,0.035888303,0.045735493,0.01827924
-0.40309218,-0.0519789,0.11224122,-0.35111326
-0.25034988,0.19061828,0.086726755,-0.44096816
-0.09376111,-0.0064807707,0.08399908,-0.08728034
1.0709897,1.0410811,0.12270133,0.029908657
-0.13712156,-0.22757155,0.10330292,0.09044999
1.2787622,1.92432,0.24957706,-0.64555776
0.08428567,0.08183703,0.05361022,0.0024486408
0.43531018,0.25357538,0.07669502,0.1817348
0.12583417,0.11349,0.05829722,0.012344167
-1.0042588,-0.8933522,0.2807152,-0.11090654
0.22658719,0.07949701,0.07545109,0.14709018
-0.35100168,-0.55028325,0.14025828,0.19928157
-0.2905235,-0.59903514,0.12629847,0.30851164
0.71875197,0.75003165,0.07962299,-0.031279683
-0.4830551,-0.82861364,0.12309459,0.34555852
0.7480024,0.6323005,0.10668074,0.115701914
0.10219799,0.19926502,0.06021058,-0.09706703
-0.04443781,0.03860928,0.05302799,-0.08304709
0.25883308,0.30919042,0.05732496,-0.05035734
-0.21213359,-0.45470318,0.14156424,0.2425696
3.4380517,3.42869,0.37778857,0.009361744
-0.14365156,0.04710908,0.045651365,-0.19076064
-0.3267082,0.18687552,0.1004847,-0.5135837
-2.0454993,-1.2046754,0.19164935,-0.8408239
-3.3558133,-3.1511786,0.33186293,-0.20463467
-0.6170559,-0.55894744,0.13089783,-0.05810845
0.6003876,0.5818539,0.0740029,0.018533647
-0.22961645,-0.24913494,0.10780057,0.019518495
-0.43990776,0.030776424,0.14401132,-0.47068417
-0.30939582,-0.50323915,0.15388207,0.19384333
0.9454377,0.7356869,0.10124699,0.20975083
0.0007821532,0.06119384,0.06626202,-0.060411684
0.10373625,-0.205269,0.125184,0.30900526
-0.8867959,-0.8545984,0.1741099,-0.032197475
0.6751782,0.07144609,0.29310536,0.6037321
-0.19735907,-0.4046062,0.09707983,0.20724712
-0.31076613,-0.17757075,0.0986721,-0.13319539
0.21831423,0.16514723,0.07239327,0.053167
-0.41937128,-0.19729355,0.08317901,-0.22207773
0.39168334,0.29682538,0.061460316,0.09485796
0.94808674,1.2086647,0.18560942,-0.26057792
-5.172094,-5.8583126,0.54249126,0.68621874
-0.32400188,-0.14473401,0.08942194,-0.17926787
1.6025585,1.4172765,0.18702827,0.18528199
0.54279566,0.3859548,0.07226882,0.15684086
0.61573416,0.7389391,0.10754073,-0.12320495
0.6006971,0.88821054,0.10071928,-0.28751343
-0.7953508,-0.67613435,0.11892556,-0.11921644
-0.43121064,-0.16854724,0.08790295,-0.2626634
0.90267134,0.8024684,0.08967479,0.10020292
-0.12393643,-0.10929575,0.068912655,-0.014640681
1.2098587,1.2225833,0.13379587,-0.012724638
0.6664536,0.7739068,0.10106711,-0.10745323
-0.3744808,-0.33096328,0.10063278,-0.04351753
0.085256465,0.2904867,0.07554481,-0.20523024
3.5664632,3.332385,0.35112807,0.23407817
-0.21933481,-0.29874724,0.124016285,0.07941243
-0.89598936,-0.53643405,0.1333201,-0.3595553
0.58823663,0.44858727,0.08244201,0.13964936
0.05954434,-0.0059931567,0.09503349,0.0655375
0.7740526,0.80299366,0.2405887,-0.028941035
0.1902919,0.7634692,0.10651145,-0.57317734
0.99012196,0.8254547,0.12010562,0.16466725
0.5749018,0.3111958,0.22369623,0.26370603
-1.3090246,0.39617097,0.21828935,-1.7051955
0.23440628,0.23658282,0.08316638,-0.002176538
-0.23344111,-0.35393846,0.11843406,0.120497346
-3.5752492,-3.0879126,0.51912296,-0.48733664
0.5653267,0.5792035,0.09009607,-0.013876796
0.8728959,1.3369368,0.13995159,-0.46404094
1.1402438,0.91948193,0.13691817,0.22076184
-0.5533198,-0.25517076,0.0771615,-0.29814905
0.198453,0.09614693,0.07289902,0.10230607
-0.12885027,-0.2757201,0.11623457,0.14686982
-0.6032241,-0.26347983,0.11410568,-0.33974427
-0.86325955,-0.33235323,0.09549932,-0.5309063
0.27203527,0.2813629,0.087407984,-0.00932762
0.30693406,0.44789428,0.09997261,-0.14096022
-0.2029396,-0.20046692,0.089975744,-0.0024726838
-0.4044075,0.5521713,0.1038252,-0.9565788
0.12883903,-0.005029389,0.08065541,0.13386843
0.45550707,0.24197564,0.081632525,0.21353143
-0.6202373,-0.5392786,0.10010721,-0.080958664
-0.35352284,-0.15281999,0.13647804,-0.20070285
0.009602709,-0.20744842,0.12503155,0.21705113
0.4854391,0.4326365,0.082083255,0.052802593
-0.30048892,-0.11626292,0.08392774,-0.184226
-0.6028004,-0.2024973,0.09988116,-0.40030313
-0.10551097,-0.13275412,0.06488791,0.027243145
-0.27048174,-0.8205849,0.13038734,0.5501032
-1.9537671,-0.8627646,0.36810234,-1.0910025
3.3444836,3.428175,0.326908,-0.08369136
-1.6153505,-1.5341017,0.37932077,-0.08124876
-0.06632997,0.033468094,0.069453105,-0.09979807
0.423038,0.31415972,0.061945435,0.108878285
1.1386862,1.0005354,0.11093986,0.13815081
0.32220942,0.55950564,0.11040655,-0.23729622
-0.42053154,-0.09728045,0.083292425,-0.3232511
-0.046803623,-0.45107675,0.28229067,0.40427312
0.103630304,-0.07908709,0.08006862,0.1827174
-0.31625423,-0.013947344,0.09609152,-0.3023069
0.5873076,0.5388184,0.15057607,0.048489153
-0.5267701,-0.4290712,0.098473,-0.09769893
0.10106978,-0.07404548,0.08600369,0.17511526
0.12072896,-0.08944685,0.059523877,0.21017581
0.046409484,0.059037056,0.0932845,-0.012627572
-0.41246378,-0.6277368,0.14757858,0.21527302
-1.2843146,-0.6049866,0.1269213,-0.679328
0.048627954,0.039311603,0.07088382,0.009316351
0.408372,0.3930626,0.09450709,0.015309423
0.2877489,0.15303457,0.087108195,0.13471434
-3.8693748,-3.4993584,0.35426208,-0.37001634
0.495952,0.49760666,0.072984226,-0.0016546547
-0.15634638,-0.5213884,0.13415715,0.36504203
0.06432387,-0.010764693,0.08162781,0.07508857
0.2568137,-0.065775625,0.081153534,0.32258934
0.51558435,-0.027033905,0.1415519,0.5426183
-0.23833182,-0.18703084,0.0659059,-0.051300988
0.19856332,0.14532462,0.081896745,0.053238705
0.44183865,0.32312638,0.13113737,0.118712276
-0.52210754,-0.29789558,0.17052634,-0.22421196
0.12768267,0.28900808,0.059743762,-0.16132541
0.15365833,0.20483248,0.095106766,-0.05117415
0.41426966,0.30858132,0.09636491,0.10568833
0.4208314,0.3861325,0.09146269,0.034698904
0.96112376,0.9571748,0.12807608,0.0039489865
0.2881524,0.10455502,0.05918288,0.18359739
-0.39188907,-0.20481177,0.07604305,-0.1870773
-1.8708153,-1.9103937,0.25960228,0.039578438
0.5076897,0.41679376,0.07533496,0.09089595
-0.21716246,-0.0441608,0.05861178,-0.17300166
1.9083278,2.250616,0.2554132,-0.34228826
0.27564692,-0.020726899,0.09501915,0.2963738
0.25029504,0.34236938,0.0918624,-0.092074335
-0.32250386,-0.16686752,0.07198068,-0.15563634
0.10671462,0.019305106,0.065853335,0.08740951
-0.20605707,-0.040164225,0.090668954,-0.16589284
0.07709292,0.06769433,0.06146013,0.0093985945
0.12685947,0.06864619,0.065885276,0.05821328
-0.6463933,-0.42662987,0.1185865,-0.21976343
-0.0058358046,-0.021090794,0.08027189,0.015254989
-0.21850438,-0.3968618,0.12190022,0.17835741
-0.017028986,0.08050778,0.04975493,-0.097536765
0.033563554,-0.060468666,0.11730419,0.09403222
0.18623623,0.15990892,0.06395772,0.026327312
1.121967,1.1362436,0.14317872,-0.014276624
-3.9194765,-3.5385773,0.32942763,-0.3808992
-1.3571903,-0.9221369,0.12091812,-0.43505335
0.20173128,0.19012338,0.069174506,0.0116079
0.7293811,0.4360857,0.18329704,0.29329538
0.64946884,0.6122213,0.081961624,0.03724754
1.1022027,1.2722734,0.18986966,-0.17007077
0.92260414,0.65873474,0.1506345,0.2638694
0.19352287,0.1714016,0.07808779,0.022121266
-3.1778688,-3.0266821,0.37701255,-0.1511867
-0.21722224,-0.26335192,0.08883316,0.046129674
-1.0771183,-0.30930007,0.1575368,-0.7678182
0.40420914,0.39414075,0.06314546,0.010068387
0.07298609,0.07738902,0.047768526,-0.004402928
-1.0338246,-0.62177885,0.109719396,-0.41204572
-0.5026445,-0.50830793,0.09955114,0.0056634545
-0.00055327616,-0.015606251,0.07999378,0.015052974
-0.6121922,-0.43170598,0.13814555,-0.18048623
-0.62373495,-0.57338655,0.14812194,-0.0503484
0.13683161,0.81755096,0.16826886,-0.6807194
0.1649957,0.5826678,0.09478282,-0.41767213
0.20263565,0.2431973,0.05465508,-0.04056166
0.785334,0.8058196,0.12954523,-0.02048558
-0.0597868,-0.2853196,0.073420644,0.2255328
0.09545812,-0.094221234,0.063989535,0.18967935
-0.5960735,-0.21943481,0.121944375,-0.3766387
-0.18921028,-0.3580134,0.13333845,0.16880311
0.50339854,0.5397764,0.08296103,-0.036377847
0.03965956,0.02819953,0.074199066,0.01146003
0.027550403,-0.5472684,0.17887965,0.5748188
2.4932578,2.8482192,0.29740414,-0.3549614
-0.3695155,-0.12290665,0.10990666,-0.24660885
0.21655113,0.15170743,0.05151356,0.0648437
-1.3038174,-0.77622974,0.15903021,-0.52758765
-0.0121693555,0.19845642,0.08815777,-0.21062578
0.0026583646,0.486069,0.12728484,-0.48341063
0.25491154,0.10948344,0.085084796,0.14542809
-0.33257192,-0.055026922,0.09555986,-0.277545
0.11540121,-0.06741254,0.08601095,0.18281375
-0.01228579,-0.059875723,0.055050015,0.04758993
0.5396058,0.4632436,0.08261911,0.07636219
-0.18360898,-0.58121777,0.124118894,0.3976088
-0.093108274,-0.08214128,0.09416,-0.010966994
0.10593154,0.06517774,0.0838623,0.040753804
-0.3322044,-0.35666052,0.097543254,0.024456114
-0.32557744,-0.12515473,0.112949,-0.2004227
-1.3843354,-0.2881219,0.16149653,-1.0962135
0.12067204,0.041763052,0.069869526,0.07890899
0.031800833,0.118663035,0.06123909,-0.08686221
0.31412944,0.27690938,0.0996643,0.03722006
0.2799384,0.111803584,0.10850837,0.16813481
-0.45399347,-0.1703774,0.092149116,-0.28361607
0.39837164,0.47250906,0.0780522,-0.07413742
2.2318125,2.214972,0.21757382,0.016840458
-0.093345925,-0.2511572,0.07050541,0.15781127
-0.45628238,0.08472511,0.1043854,-0.5410075
-0.38277537,-0.14828667,0.06922995,-0.2344887
-0.55835706,-1.0388397,0.18224205,0.48048264
0.62088984,0.45746958,0.12278412,0.16342026
0.68847024,0.8448947,0.11907773,-0.15642446
0.009466455,0.15541792,0.07478052,-0.14595146
0.054275636,0.13500193,0.1269336,-0.080726296
-2.3201709,-2.6165183,0.38444284,0.29634738
-0.47804806,-0.3621694,0.103433385,-0.11587864
0.077479415,-0.14177686,0.08618264,0.21925628
-1.2174385,-1.1376597,0.21124634,-0.07977879
1.3774598,1.2541054,0.20754021,0.123354316
-1.0638671,-0.72702855,0.11060564,-0.33683854
0.25621873,0.37001267,0.086646356,-0.11379394
-1.1276318,-0.6236055,0.1439062,-0.5040263
-0.51818675,-0.74395686,0.09291217,0.22577012
0.026246816,-0.05423486,0.069896586,0.08048168
0.7303777,0.6334969,0.13378195,0.09688079
0.024881106,-0.14470221,0.111093506,0.16958332
0.0593159,0.079577364,0.056468476,-0.020261463
-0.5697246,-0.7251244,0.13649194,0.1553998
-0.06844916,-0.30086726,0.115928076,0.23241809
-0.010261238,0.04542705,0.096253045,-0.055688288
-1.9210689,-1.7217834,0.22283314,-0.1992855
0.29027882,0.28420436,0.049038958,0.0060744584
-0.12710965,-0.1910672,0.09756425,0.06395756
0.3594357,0.19145295,0.0625012,0.16798276
0.2420271,0.4257392,0.07406377,-0.1837121
-0.074519016,-0.29074627,0.13861947,0.21622726
0.28831667,-0.06630452,0.112426,0.35462117
0.5151922,0.39581394,0.061668135,0.11937827
-0.9677584,-0.5622375,0.16958234,-0.40552092
0.35137302,0.12034245,0.09267391,0.23103057
-0.036745533,0.11703058,0.0705739,-0.15377611
-0.016805105,-0.04815647,0.06982684,0.031351365
3.140539,3.1990957,0.3204872,-0.058556795
0.67136633,0.62907684,0.09455563,0.042289495
-0.008835752,0.0008032441,0.101237155,-0.009638996
-1.5193484,-0.76014376,0.14730285,-0.7592046
0.44452485,0.44424632,0.06796586,0.0002785325
0.25977486,0.09496999,0.067870624,0.16480488
0.4410432,0.37000495,0.06748348,0.071038246
-0.086931475,-0.064822905,0.06839612,-0.02210857
0.54558355,0.3751719,0.1012242,0.17041165
0.48544052,0.39453012,0.09181668,0.090910405
-1.7077789,0.22640492,0.20496468,-1.9341838
0.9613571,0.82549214,0.10128391,0.13586497
-0.020799603,-0.13117166,0.14548022,0.11037205
-1.1973386,-1.807847,0.28393015,0.61050844
0.76708543,0.7754284,0.105823725,-0.008342981
-1.1241549,-0.5470675,0.09831347,-0.5770874
0.33103937,0.15870132,0.061344277,0.17233805
0.061637692,-0.0069612907,0.0733776,0.068598986
-0.2034046,-0.19841844,0.121977575,-0.004986167
-0.14947402,-0.2566215,0.15318708,0.107147485
0.2920457,0.2679769,0.057553984,0.024068803
-2.0563817,-1.737177,0.23793614,-0.3192047
-0.63014466,-0.41646728,0.10585122,-0.21367738
-0.02704023,-0.13761696,0.098760575,0.110576734
-0.71968603,-0.29812148,0.08626066,-0.42156455
-0.73724735,-0.47628525,0.09390657,-0.2609621
-0.11652526,-0.49619192,0.16399232,0.37966666
1.4123154,1.3811922,0.16100429,0.031123161
0.21470669,0.18904154,0.058688458,0.02566515
-0.36692554,-0.0732595,0.07348443,-0.29366603
-0.66437984,-1.2206185,0.2846225,0.55623865
1.3956032,1.2438958,0.13064082,0.15170741
1.1120747,1.0224205,0.12438568,0.08965421
-1.4636402,-0.9388579,0.18209594,-0.5247823
-0.5343245,-0.70415324,0.1728941,0.16982871
-4.759067,-3.611453,0.37990603,-1.147614
-0.14134233,-0.45350257,0.1024,0.31216025
1.0971636,1.3820496,0.19836311,-0.284886
-0.036141284,0.026863763,0.042068936,-0.063005045
-0.5702596,-0.20590456,0.09138411,-0.36435503
-0.00959532,0.24563225,0.05790664,-0.25522757
0.043111037,-0.046611503,0.07369271,0.089722544
-1.4237558,-2.0667357,0.22897962,0.64298
-0.9593694,-0.046969585,0.14140873,-0.9123998
-0.36816368,-0.22221756,0.13061462,-0.14594612
-1.0503619,-0.80945563,0.16627601,-0.24090624
-0.44526893,-0.37600774,0.1086555,-0.06926119
0.31492454,0.39931756,0.067252435,-0.084393024
1.0966271,1.0274254,0.13055202,0.06920171
0.5235367,0.37149033,0.12927647,0.15204635
-1.0776801,-1.7144963,0.38786075,0.63681614
-0.060884558,0.005877299,0.10405088,-0.06676186
-0.87047887,-1.1415877,0.1341921,0.27110887
0.74094075,0.6693927,0.095739916,0.071548045
-0.6413108,-0.42638597,0.10255535,-0.21492484
-0.9616464,-1.6437477,0.20950113,0.6821013
-0.05595729,-0.13134708,0.06981475,0.07538979
0.0040512905,0.036796045,0.058277905,-0.032744754
-0.33695415,-0.09371649,0.13968782,-0.24323766
-0.34259123,-0.34283936,0.17769963,0.00024813414
0.33100587,0.41905817,0.074365534,-0.0880523
-0.55429715,-0.36619252,0.13836314,-0.18810463
0.16878203,0.10590929,0.117940225,0.06287274
0.080591716,0.93452746,0.10983251,-0.8539357
0.27699766,0.13159807,0.060345713,0.14539959
-0.50768566,-0.15544346,0.05732303,-0.3522422
-0.4249021,0.074502826,0.07917685,-0.49940494
-1.2813191,-1.7980684,0.25306758,0.51674926
0.09371522,0.063312,0.07804167,0.03040322
-5.3874116,-5.1243443,0.44706747,-0.26306725
0.5260888,0.49623626,0.0773175,0.02985251
-0.08886276,-0.04557539,0.07715687,-0.04328737
0.42673922,0.373474,0.062643185,0.053265214
0.39371344,0.16495109,0.10185408,0.22876236
0.7085311,0.5354244,0.091165796,0.17310667
0.0022119302,-0.08362019,0.0844365,0.08583212
-0.124287456,0.021040628,0.094511025,-0.14532809
0.0943106,-0.21248344,0.112383395,0.30679405
0.07269573,0.10145616,0.054275103,-0.028760426
-0.10109889,-0.16313542,0.080760725,0.062036537
-0.0008417814,0.09494535,0.059743885,-0.09578713
-0.801067,-0.6028656,0.13246012,-0.19820142
1.3330623,1.3438146,0.14222583,-0.01075232
-0.22407721,-0.20379531,0.10844778,-0.020281896
-0.0020828934,-0.114927836,0.056884922,0.112844944
-0.15957811,-0.11432582,0.05433181,-0.045252293
0.29370585,0.21302171,0.090839155,0.08068414
-0.6460626,-0.74611896,0.13319659,0.10005635
-0.008808306,-0.020780325,0.08709296,0.0119720185
0.051764514,0.044142157,0.07554845,0.0076223575
0.53779536,0.44669825,0.07349999,0.09109712
-0.5804313,-0.13948208,0.07602965,-0.4409492
-0.23966396,-0.4559703,0.12154935,0.21630633
-0.5726954,-0.15537424,0.09822097,-0.41732115
-0.2558297,0.04115258,0.10107719,-0.2969823
0.31684235,0.39157236,0.10316214,-0.07473001
0.15029481,0.18284582,0.090945706,-0.032551005
-3.1347942,-3.065651,0.3604431,-0.069143295
0.008687395,-0.07741355,0.0736937,0.08610094
-0.21780537,-0.44741055,0.06992126,0.22960518
-0.40613252,-0.41888553,0.09569456,0.01275301
0.2967255,0.19322452,0.085231684,0.10350099
-0.94119996,-0.5053266,0.118627444,-0.43587333
-0.48161864,-0.43909305,0.102697894,-0.04252559
0.3780428,0.33746007,0.074417636,0.040582716
-0.6090685,-0.6275744,0.11910061,0.018505871
0.24775478,0.20731366,0.056017313,0.040441126
-0.25982144,-0.3372257,0.08242332,0.07740426
-0.023094542,-0.04590083,0.071896926,0.022806287
0.19651657,-0.19708051,0.11733652,0.39359707
-0.24534132,-0.44046202,0.11430133,0.1951207
0.29750776,0.20272864,0.06819172,0.09477912
1.2793278,1.2829854,0.15056324,-0.0036576986
-0.441607,-0.13319,0.09810315,-0.308417
-0.38783538,-0.19646671,0.10593902,-0.19136867
0.69520617,0.48218054,0.12182519,0.21302563
-3.2439423,-4.3841434,0.4388389,1.1402011
0.19785042,-0.07877234,0.092403166,0.27662277
0.108446755,0.13716798,0.047987025,-0.02872122
0.53475577,0.28183296,0.103275955,0.2529228
0.22261252,0.0074326545,0.08244912,0.21517986
0.31376404,0.24386378,0.094945915,0.06990026
-1.3576888,-1.3567954,0.176658,-0.0008933544
0.5974213,0.6116807,0.096842624,-0.014259398
0.013636228,0.013781489,0.0705719,-0.00014526118
0.20267688,-0.036530152,0.20401789,0.23920703
0.09914896,-0.10447937,0.0842812,0.20362833
-0.4415221,-0.4374403,0.12710457,-0.0040817857
0.1478425,0.101106666,0.060679104,0.04673583
-0.34509385,-0.0028694412,0.111001715,-0.34222442
0.03803976,-0.23102498,0.099209405,0.26906472
-0.09357048,-0.0870012,0.062268145,-0.006569281
0.46988294,0.3359626,0.06381025,0.13392034
0.08249032,0.18475877,0.07460352,-0.10226845
-0.037952624,0.07453002,0.053185318,-0.112482645
-0.181078,-0.2871324,0.12197586,0.10605441
0.2027501,0.30630866,0.069469646,-0.103558555
0.15439764,0.08265485,0.06062766,0.07174279
1.1077744,0.65112096,0.15409568,0.45665342
0.13186519,-0.13064337,0.07043138,0.26250857
0.19475,0.17641914,0.0718312,0.018330857
0.38453513,0.24763803,0.054595638,0.1368971
0.11057932,0.19100372,0.061463438,-0.080424406
0.43819064,0.44370118,0.103941426,-0.005510539
0.4223506,0.3035055,0.07836916,0.118845075
-0.041033156,0.015109978,0.08716012,-0.056143135
-0.40677544,-0.3769217,0.10216936,-0.029853731
-1.0080127,-1.7149891,0.2649001,0.7069764
-0.64783317,-0.7300585,0.11683274,0.08222532
-0.15896806,-0.30101156,0.11090725,0.1420435
-0.04507802,-0.13100448,0.067088716,0.08592646
1.4888419,1.3808628,0.1480274,0.10797906
0.18371654,0.113978855,0.070242025,0.06973768
0.2770158,0.14527754,0.09455838,0.13173826
0.23418692,0.108655296,0.12962486,0.12553161
0.056372017,0.031079635,0.07039831,0.025292382
-0.36181965,-0.10090516,0.07613697,-0.2609145
0.30313143,0.17800331,0.07417944,0.12512812
-0.3875826,-0.5226836,0.08970383,0.13510102
2.4149847,2.1368847,0.24128985,0.2781
-0.13270676,-0.38067636,0.11420244,0.2479696
0.26921445,0.18900707,0.084632955,0.08020738
0.18369672,0.113774866,0.106836826,0.06992185
1.6344876,1.9236053,0.20809515,-0.2891177
0.21670002,0.24503617,0.07408288,-0.028336152
0.753308,0.7129388,0.09551499,0.040369213
-0.056930527,-0.088721596,0.07021997,0.03179107
-0.47243774,0.12655579,0.082429096,-0.59899354
-0.19626828,-0.060647145,0.065113254,-0.13562113
-0.09945056,0.13131972,0.09740692,-0.23077027
-0.0637831,0.067018196,0.049471732,-0.13080129
0.03958173,-0.18456183,0.12676662,0.22414356
-0.9191164,-0.70698434,0.10515237,-0.21213204
-0.025005363,-0.06430177,0.10960859,0.039296404
1.3823582,1.2134541,0.1347938,0.16890407
-0.44246143,-0.16464756,0.10040626,-0.27781385
-2.8950076,-2.4034104,0.30675521,-0.49159718
1.2543076,1.3823181,0.15333481,-0.12801051
-1.7450273,-1.4256111,0.2449378,-0.31941617
0.11486771,-0.44400862,0.14967139,0.55887634
1.1658143,1.0950552,0.15010512,0.07075906
-0.03123778,0.107397296,0.070609376,-0.13863507
-0.42223346,-0.1477912,0.07483177,-0.27444226
1.4242642,1.4416809,0.15601647,-0.017416716
-3.0965445,-2.6176298,0.27943492,-0.47891474
0.1515457,0.025617205,0.08166066,0.12592849
-1.3448088,-1.5939434,0.2075287,0.24913454
0.030269988,-0.20784386,0.11514461,0.23811385
1.1370014,1.206177,0.18363643,-0.0691756
-0.31507486,-0.28941157,0.070152946,-0.025663286
-0.5526828,-0.38018993,0.108502746,-0.17249289
0.19828007,0.7617736,0.101378866,-0.5634935
-0.5717639,-0.6360798,0.16379033,0.064315915
-0.53046525,-0.63388765,0.27331835,0.1034224
-0.05428104,0.581376,0.09299798,-0.6356571
-1.2450528,-0.8000463,0.13555238,-0.4450065
-1.2656939,-1.9840257,0.25014976,0.7183318
0.09404327,-0.003636107,0.0630461,0.09767938
0.034039117,0.14989637,0.08622831,-0.11585725
-0.3388176,-0.22569959,0.11467485,-0.11311801
-0.173928,-0.12659875,0.08923636,-0.047329247
0.27638194,0.2534123,0.054573845,0.022969633
-0.008831984,-0.3679395,0.1910977,0.35910752
-0.7793493,-0.4907625,0.12676823,-0.28858683
0.15617028,0.32817194,0.098122306,-0.17200166
1.6919833,1.5938617,0.16173254,0.09812164
0.1175474,-0.011134954,0.07983157,0.12868236
0.08711083,-0.09258232,0.10999578,0.17969316
-0.23055705,0.18425137,0.052382883,-0.41480842
1.3899037,2.1169856,0.26504785,-0.7270819
2.4593978,2.3191671,0.24238808,0.14023066
-0.45247075,0.331094,0.07559059,-0.78356475
-0.0044592475,0.010971097,0.076219365,-0.015430344
-0.25408912,-0.07300902,0.13410762,-0.1810801
0.43039933,0.39787242,0.061992686,0.03252691
1.267415,1.2074937,0.14169323,0.059921384
-0.9539562,-0.35914668,0.20381601,-0.59480953
0.31489837,0.12336221,0.18050973,0.19153616
0.9451751,0.8414866,0.12940614,0.10368854
0.07393312,0.00090634555,0.120579705,0.07302677
0.5559883,0.4480242,0.08365141,0.1079641
0.008503907,0.050623126,0.05156861,-0.04211922
-0.32381257,-0.14745864,0.13869052,-0.17635393
-0.18235125,-0.18926401,0.08183211,0.006912768
-0.14529473,0.023901049,0.09596111,-0.16919577
0.18779713,0.16796468,0.08270247,0.019832447
0.28865546,0.16262046,0.06493426,0.126035
-0.07448459,-0.05820034,0.099201135,-0.016284246
0.82435226,0.7919407,0.12575269,0.032411575
-0.44830275,-0.447126,0.09961541,-0.0011767447
0.104233235,0.11957257,0.055271786,-0.015339337
-0.27820352,-0.25671366,0.1040795,-0.021489859
2.192549,2.0384512,0.21442562,0.1540978
0.42978638,0.4166038,0.12687683,0.0131825805
-0.20483524,-0.13608965,0.12774037,-0.06874558
0.108414136,-0.008029685,0.15127149,0.11644382
0.36660346,0.15960781,0.1127619,0.20699565
-0.4668781,0.15817255,0.09485024,-0.62505066
0.33178097,0.21580233,0.106657624,0.11597864
-0.29464555,-0.44268683,0.12646818,0.14804128
-0.7654975,-1.2764876,0.19349752,0.5109901
-1.1498575,-0.6277655,0.25143686,-0.52209204
-0.32471544,-0.6816226,0.19190636,0.3569072
-0.01588413,-0.11131634,0.10118844,0.09543221
0.4813732,0.49080035,0.10800472,-0.00942716
-0.55273825,-0.15569273,0.12808728,-0.39704552
2.0073335,2.0395296,0.21813078,-0.032196045
-0.07587232,-0.03891162,0.050492376,-0.0369607
-0.123544864,-0.052930932,0.048015226,-0.070613936
0.83396155,0.5907903,0.1102405,0.24317127
-0.6377448,0.12854828,0.22662112,-0.76629305
-0.5813359,-0.36087707,0.10937837,-0.22045884
0.59584826,0.44792506,0.17779133,0.1479232
0.12018807,-0.18811168,0.13295494,0.30829975
0.18349387,-0.40585297,0.27297983,0.5893468
-3.1198454,-1.970835,0.2863437,-1.1490104
-0.0042315717,0.0015206395,0.048364792,-0.0057522114
-0.0008567962,0.0052782036,0.06294997,-0.006135
0.49045983,0.19687614,0.07356388,0.2935837
0.45453024,0.9645287,0.110455185,-0.50999844
0.8346655,1.020264,0.118484296,-0.18559855
-0.08297803,-0.11300242,0.0751127,0.030024387
0.06950999,0.046087496,0.08974079,0.023422495
-0.8861311,-1.751377,0.24493408,0.8652459
-0.68571824,-0.1468835,0.11867839,-0.53883475
-0.21687412,-0.13941768,0.08819228,-0.077456445
0.33853847,0.2395772,0.0781656,0.098961264
-0.38099882,-0.062448617,0.09103722,-0.3185502
0.2739897,-0.1541979,0.08743917,0.4281876
0.16102608,-0.1348942,0.1280738,0.29592028
1.6480967,1.5833653,0.19540344,0.06473136
-2.2522326,-1.7832192,0.34946162,-0.46901333
2.5360043,2.474659,0.2601917,0.06134534
-0.072112106,0.016992765,0.07354521,-0.08910487
0.21879974,-0.19026904,0.17017452,0.40906876
0.25532925,0.3255249,0.10582455,-0.070195645
0.16067743,0.009355833,0.083739065,0.1513216
0.23003903,0.3947686,0.15364501,-0.16472957
-0.009726302,0.086000256,0.09898151,-0.09572656
-0.022801673,0.038757153,0.066769265,-0.061558828
0.13175626,0.06435849,0.06840821,0.06739777
-0.3151605,-0.20439523,0.13081768,-0.11076528
-0.090578,-0.046123758,0.08478303,-0.04445424
0.54057205,0.39075056,0.06449414,0.14982149
0.09424526,0.1646296,0.05790199,-0.07038433
0.5261595,0.32700846,0.069563314,0.19915107
-0.1756232,-0.9936156,0.19477274,0.81799245
0.21158466,0.17492856,0.06759227,0.036656097
6.6851563,6.7116294,0.65639967,-0.026473045
0.38508874,0.44439083,0.113570906,-0.05930209
0.7923844,0.53646463,0.1248631,0.25591975
0.45191133,0.1319292,0.06733956,0.3199821
0.24570635,0.2281623,0.071154796,0.017544046
-0.0968084,-0.12709734,0.083786406,0.030288942
0.124845244,-0.17471755,0.14885005,0.29956278
-0.3145106,-0.3993732,0.09913254,0.08486259
-1.5347049,-1.4689757,0.19956869,-0.06572926
1.2157909,1.091999,0.15110615,0.123791814
0.25271872,-0.015970042,0.06331157,0.26868877
0.6674912,1.3414617,0.1503632,-0.67397046
0.3202131,0.24494235,0.061413202,0.07527076
0.04226724,0.022037318,0.079748504,0.020229923
0.18611816,0.18294512,0.06985548,0.0031730384
-0.56253093,-0.31917524,0.12505355,-0.24335569
0.39950714,0.20436262,0.11624292,0.19514452
0.22384515,-0.57734406,0.22542672,0.8011892
-0.12006664,0.05085114,0.06101902,-0.17091778
-0.06763462,-0.14224714,0.09475679,0.07461252
-0.17309974,0.013425691,0.074017145,-0.18652543
0.40359944,0.8656279,0.10525523,-0.46202844
-0.30453387,-0.36590946,0.13455859,0.06137559
1.0496752,0.72607857,0.1155035,0.32359666
0.3456663,0.27322462,0.08048901,0.07244167
0.12182939,-0.30421636,0.12519352,0.42604575
0.06910792,0.0015076271,0.06398538,0.067600295
2.4353962,2.0577126,0.22396585,0.37768364
-0.39823976,-0.39838463,0.10588669,0.00014486909
-0.14530793,-0.15260668,0.10757669,0.0072987527
0.11944152,-0.22043729,0.09234764,0.3398788
0.057425678,0.1461121,0.08214761,-0.08868642
-1.0295302,-0.52356887,0.11448661,-0.5059613
0.519317,0.29671177,0.07580795,0.2226052
1.4798222,1.3873687,0.17025687,0.09245348
-0.3244127,-0.27537864,0.08473978,-0.04903406
-0.0024408912,-0.16937786,0.1167789,0.16693698
0.33117503,0.8830392,0.20532353,-0.55186415
-0.77516884,-0.81400067,0.15618753,0.03883183
0.060110506,0.17077722,0.08600487,-0.11066671
0.15626734,0.15863621,0.08804953,-0.0023688674
-0.36374086,-0.21451178,0.14667529,-0.14922908
1.6834936,1.5553328,0.17950737,0.12816083
-0.46957862,0.11803637,0.061865922,-0.587615
0.049997468,-0.18207112,0.0817005,0.23206858
0.29112664,0.33621374,0.08541748,-0.0450871
-0.09818944,-0.043453228,0.08540905,-0.054736216
0.23223144,0.2671729,0.1086162,-0.034941465
2.298109,2.0878599,0.22820501,0.21024919
0.22968195,0.29374078,0.04992248,-0.064058825
0.17436643,0.12950784,0.07749233,0.04485859
-0.31563047,-0.24573077,0.11520929,-0.06989969
-0.5044317,-0.4945127,0.12181908,-0.009919018
1.6321355,1.8107896,0.18997224,-0.17865407
0.9723733,0.8336418,0.13427497,0.13873148
0.15526514,0.2600588,0.1140821,-0.10479365
0.24797939,0.85840756,0.19938344,-0.61042815
0.28103888,0.13012367,0.06787987,0.1509152
0.1317728,0.08307213,0.06681419,0.048700668
-0.12339533,-0.10397575,0.06776859,-0.01941958
-0.17106585,0.06808607,0.093848266,-0.23915192
0.5676158,0.25349268,0.08475372,0.31412312
0.43151695,0.38810953,0.0714587,0.04340741
0.020480063,-0.11550725,0.06252329,0.13598731
-0.29652858,-0.6617067,0.15798657,0.3651781
-0.020643435,-0.023471372,0.053221285,0.0028279368
-3.5601711,-1.9395322,0.27132103,-1.620639
-1.1353471,-1.5274227,0.23237942,0.39207554
-2.4794095,-2.4176764,0.28455937,-0.061733007
0.033844158,-0.018461796,0.084401414,0.05230595
-0.071943335,-0.19259734,0.07280312,0.12065401
-0.071178265,-0.025786735,0.052800056,-0.04539153
-0.2666406,-0.1428305,0.07191379,-0.1238101
-1.401326,-0.6703654,0.19270565,-0.73096055
-0.4297328,-0.56223136,0.084320545,0.13249856
-0.0048348433,0.018158821,0.07767255,-0.022993665
-0.1326389,-0.07759981,0.100461885,-0.055039093
-0.36553937,-0.16673604,0.102864325,-0.19880334
0.7388763,1.0285597,0.10891759,-0.2896834
-0.40018487,-0.250458,0.10571554,-0.14972687
0.4127134,0.40444973,0.07612148,0.008263677
0.14619212,-0.32713273,0.1618336,0.47332484
0.06531613,0.31499416,0.0683313,-0.24967802
-0.6021394,-0.30925474,0.082266465,-0.29288468
-0.21603514,0.12916133,0.06072454,-0.3451965
0.48139736,0.4240948,0.061566707,0.057302564
-0.49533457,-0.48313275,0.11152904,-0.012201816
-1.4389002,-1.140729,0.14843044,-0.29817128
0.2735779,0.1781632,0.06839048,0.0954147
-0.027315747,-0.029824205,0.07255176,0.0025084578
-1.205309,-0.8925578,0.17729099,-0.31275123
0.73530465,0.68903846,0.09053826,0.0462662
0.22354376,0.4815952,0.11942514,-0.25805143
0.5568355,0.6487378,0.07685669,-0.091902316
-0.7207265,-0.7819521,0.12816566,0.061225593
0.13913737,0.17846747,0.06669682,-0.039330095
0.8182207,0.8577506,0.120988384,-0.03952992
0.27317932,0.24950181,0.053347416,0.023677513
-1.0445839,-1.0549626,0.19505349,0.010378718
-0.059022117,-0.047052275,0.06358819,-0.011969842
-0.33439136,-0.29493073,0.09173248,-0.03946063
0.013945775,0.086578324,0.041660313,-0.07263255
-0.18640275,-0.11982927,0.11202489,-0.066573486
0.020396044,-0.18006292,0.10364047,0.20045896
0.27427214,0.06500686,0.0909293,0.20926529
0.3214284,0.27077127,0.058729,0.050657123
-0.18091376,-0.2223712,0.079930395,0.041457444
-0.13843378,0.14401193,0.11708187,-0.28244573
-1.5629205,-1.0575742,0.1303419,-0.5053463
0.57313627,0.5001804,0.08636347,0.07295585
-0.9243138,-0.8581371,0.19422236,-0.06617671
-0.25882316,-0.2984926,0.100658394,0.039669454
-0.6130636,-0.4155057,0.10329506,-0.19755787
-0.56087345,-0.32589722,0.089318,-0.23497623
-0.87528604,-0.71893877,0.12385681,-0.15634727
-0.033392098,-0.05796349,0.066061325,0.024571393
-0.049286626,0.08268967,0.11269128,-0.1319763
-0.61412627,-0.46812332,0.09989672,-0.14600295
0.3952891,0.32852244,0.053689208,0.06676665
0.8239565,0.81534684,0.10580937,0.0086096525
-0.0013902278,-0.019094806,0.07388867,0.017704578
0.083270036,-0.3618382,0.100450814,0.44510823
-2.062806,-2.422391,0.25682086,0.35958505
0.34688675,0.20485044,0.077162564,0.14203632
0.029926376,-0.014226839,0.08572888,0.044153214
-0.36991215,-0.14396857,0.09902561,-0.22594358
1.0110463,1.042748,0.12469965,-0.031701684
0.2881474,0.26274484,0.057681214,0.025402546
-0.15101935,-0.1657951,0.096747205,0.014775753
-0.20209317,-0.37729344,0.08055576,0.17520027
-0.68783766,-0.5095236,0.117922336,-0.17831409
-2.1922948,-2.9651117,0.29511738,0.7728169
-0.12868649,-0.111312784,0.059956487,-0.017373703
-0.06331928,0.08130288,0.051916093,-0.14462216
-0.8355371,-1.2279584,0.2802915,0.39242136
-0.6114517,-0.5664367,0.10973098,-0.045014977
-0.4975919,-0.54633534,0.13499342,0.048743427
-0.5945947,-0.53087384,0.10295792,-0.06372088
-0.35700125,-0.09430611,0.0643906,-0.26269513
-2.7176101,-2.1286297,0.25936973,-0.58898044
-0.21317495,-0.100818,0.09137906,-0.11235695
0.82054,0.77263945,0.23859781,0.047900558
1.0332724,1.0060507,0.10785633,0.02722168
0.34720618,0.31624576,0.06782481,0.03096041
0.06516177,0.028237576,0.08450162,0.0369242
0.2734275,0.053425092,0.09227157,0.2200024
0.20681377,0.20836578,0.0751535,-0.0015520155
0.06188536,0.14259334,0.07098844,-0.08070798
-0.32531467,-0.10570225,0.12852858,-0.21961242
0.6874757,0.6591347,0.09171974,0.028340995
0.9506352,0.8295318,0.1179106,0.121103406
0.46807218,0.4141831,0.11350795,0.053889066
-0.29415047,-0.4047089,0.10065891,0.11055842
-0.51770353,-0.3476632,0.096820034,-0.17004034
-0.084277235,-0.21246922,0.0850188,0.12819198
0.52611256,0.41746157,0.07697089,0.10865098
0.7466511,0.70962113,0.09426398,0.03702998
-3.382015,-2.456258,0.30307785,-0.92575693
0.25864744,0.2451843,0.06754728,0.0134631395
-0.13231494,-0.09519121,0.09942094,-0.037123725
0.9318968,0.65919346,0.13479568,0.27270335
2.3104925,2.6210306,0.25035676,-0.31053805
0.22446983,0.26955283,0.061347615,-0.045083
-0.68681276,-0.94545066,0.1403805,0.2586379
-0.14909276,-0.3057,0.12849815,0.15660724
0.21825515,-0.09960608,0.09638997,0.31786123
0.17247684,0.08130394,0.08543727,0.091172904
0.09098868,-0.085630484,0.114555925,0.17661917
0.17096569,-0.2762265,0.23759079,0.4471922
-0.11355526,0.008843094,0.067756884,-0.122398354
-0.3720245,-1.0989789,0.24332282,0.72695434
0.13773246,0.21967706,0.09393361,-0.0819446
0.5054358,0.7049801,0.0770456,-0.19954425
0.45911148,0.37267393,0.06162309,0.08643755
-1.759354,-1.5253222,0.2563689,-0.2340318
-0.26236847,0.17000987,0.07585004,-0.43237835
-0.1386438,-0.09475505,0.072599374,-0.043888748
-1.9108711,-1.987478,0.2389691,0.07660687
0.16264401,-0.36125633,0.20634618,0.52390033
-0.32684994,-0.13219917,0.07587345,-0.19465077
0.025660135,0.045978244,0.14326595,-0.02031811
0.43466732,0.41663915,0.07724228,0.01802817
1.2564766,0.92813283,0.12134961,0.3283438
-0.68722665,-0.5521626,0.13158177,-0.13506407
0.99194336,0.8125052,0.22687878,0.17943817
0.09312979,-0.17323229,0.08584659,0.26636207
0.29367366,0.40480754,0.06964323,-0.11113387
-2.1517382,-1.7677089,0.25638455,-0.38402927
0.78207636,0.6171477,0.08373616,0.16492867
0.19954972,0.18883209,0.07169699,0.01071763
0.08492611,-0.28076825,0.091387436,0.36569434
-0.3921848,-0.5863948,0.15165776,0.19421
-0.25215444,-0.19321884,0.104611434,-0.058935598
0.009931261,0.040477503,0.09039169,-0.030546242
0.06572791,0.068073176,0.051490463,-0.002345264
0.99285465,0.97519225,0.121485636,0.017662406
-0.4991992,-0.7417548,0.15802364,0.24255556
-0.9159035,-0.4865731,0.180093,-0.4293304
-0.9567884,-1.0223476,0.1411703,0.06555915
0.21690553,-0.032374453,0.089051016,0.24927999
-1.1295958,-1.2930824,0.50144607,0.1634866
0.5033555,0.3640384,0.07580713,0.1393171
1.1057924,1.0878816,0.1509569,0.017910838
0.0057401396,0.03759526,0.08950216,-0.03185512
-0.12930343,-0.0062601003,0.08910294,-0.12304333
-0.71772265,-1.0683403,0.15335692,0.35061765
-3.6351984,-3.270009,0.31066093,-0.3651893
0.080774166,0.065038964,0.07811191,0.015735202
-0.44957244,-1.3314413,0.26884943,0.88186884
-0.6471778,-0.6907586,0.14013727,0.04358077
0.5716279,0.5764687,0.0805114,-0.004840791
-0.69757456,-0.3736488,0.10392403,-0.32392576
-1.8019843,-1.5322992,0.24617355,-0.26968515
1.6271992,1.1924497,0.18562484,0.43474948
-0.19000429,-0.18852325,0.095224105,-0.0014810413
1.6604221,1.7097341,0.20012191,-0.049311996
0.8331618,0.90368426,0.109392576,-0.07052249
0.43264225,0.074622706,0.25168815,0.35801953
-0.032514054,0.121308066,0.10160706,-0.15382212
0.06272851,-0.018904358,0.08706011,0.08163287
-0.017614795,-0.21949473,0.116014436,0.20187993
0.2410287,0.2977132,0.08981782,-0.056684494
-0.029688736,-0.06680388,0.07353823,0.03711514
0.08249614,-0.11644884,0.09199441,0.19894499
-0.3321,-0.18326168,0.10642309,-0.14883833
0.33815393,0.267019,0.06538481,0.071134925
-1.6134332,-1.9215269,0.32800266,0.30809367
0.0985437,0.24970973,0.072160445,-0.15116602
1.1835829,1.1289115,0.13080022,0.054671407
0.12223853,-0.08281044,0.10344022,0.20504898
0.23141399,0.15006891,0.07138118,0.08134508
-3.56458,-1.9798743,0.36437222,-1.5847057
1.0327344,1.0267619,0.14691165,0.0059725046
0.2697338,-0.09913152,0.12437487,0.3688653
0.569007,0.3743745,0.08028775,0.19463247
1.2818971,1.2195318,0.14184253,0.062365294
0.6787859,0.69922996,0.09006796,-0.020444036
0.6280542,0.46339077,0.13033254,0.16466343
1.0083891,0.93610847,0.10439378,0.072280645
-0.19897172,-0.03883777,0.06795472,-0.16013396
0.45463994,0.3550835,0.0851654,0.099556446
-0.23110867,0.15407023,0.068645395,-0.3851789
-0.6541497,-0.39440677,0.1096421,-0.25974295
-0.06830209,0.18270545,0.13714083,-0.25100753
-4.585508,-3.4900546,0.34942082,-1.0954533
-0.5635339,-0.60753214,0.14598922,0.04399824
-0.6814185,-0.6354543,0.15959008,-0.04596418
0.81546265,0.67912644,0.10268319,0.1363362
-0.16671455,-0.012852929,0.07537158,-0.15386163
-0.034149412,0.031795826,0.060273238,-0.06594524
0.006118227,0.049690634,0.062711746,-0.043572407
-0.38364422,-0.25451723,0.102962494,-0.129127
0.20793106,0.23825368,0.14501858,-0.030322626
0.11468499,0.19915108,0.0645916,-0.08446609
-0.27409545,-0.47301015,0.12853728,0.1989147
0.006315922,0.13135576,0.08053685,-0.12503985
-1.4872979,-2.06448,0.237641,0.5771822
0.049257293,0.09867725,0.062727936,-0.049419954
0.33872977,0.4142,0.105347686,-0.07547024
0.22566368,0.22650331,0.08531293,-0.00083963573
-0.5350639,-0.39946896,0.18280709,-0.13559496
0.50323015,0.3209005,0.09492544,0.18232965
-0.96217376,-0.7492303,0.15223135,-0.21294343
-0.16809642,-0.29489848,0.09347811,0.12680206
0.68950415,0.6028939,0.07630151,0.08661026
-0.17871657,-0.027137745,0.07452128,-0.15157883
0.42938122,0.35765165,0.078192376,0.07172957
0.24484633,0.0073934626,0.05509493,0.23745286
0.25878048,0.22250862,0.08769747,0.036271855
0.74971265,0.7020625,0.09877547,0.04765016
-0.19101872,-0.10107283,0.097777456,-0.08994588
0.78324485,0.7792946,0.11151246,0.003950238
1.2030776,0.9796595,0.15599969,0.22341806
-0.71322423,0.05178326,0.14493337,-0.7650075
-0.4416512,-0.39402214,0.14076976,-0.04762906
-4.380874,-3.6237252,0.447116,-0.757149
-0.23054096,-0.34574053,0.09864015,0.115199566
-0.016970495,-0.08454091,0.11132846,0.06757042
0.73767734,0.88308734,0.1640601,-0.14541
0.14748667,0.014446222,0.0731562,0.13304044
-0.078429975,-0.01910782,0.088403404,-0.059322156
-1.5153493,-0.8604327,0.15838684,-0.6549166
0.26983625,0.17996466,0.061754573,0.089871585
0.0789668,-0.1343341,0.06687304,0.2133009
-0.13263585,-0.08896631,0.06647994,-0.043669537
0.38303545,0.14091282,0.073448546,0.24212264
0.675449,0.5784263,0.06936209,0.09702271
0.013515876,0.0805795,0.052843522,-0.06706362
-0.09857523,-0.054788794,0.044130325,-0.043786433
-0.8528404,-0.8722206,0.16350621,0.019380152
0.16083445,-0.11702706,0.107303716,0.2778615
0.090099245,0.04369951,0.07467717,0.046399735
-2.1403313,-1.4256641,0.20493433,-0.7146672
-0.09653131,-0.08046966,0.06404564,-0.016061649
-0.28926176,-0.21480504,0.09480665,-0.07445672
0.16423213,0.07878557,0.11976269,0.08544657
-0.31919333,-0.45667464,0.16788812,0.1374813
0.21136507,0.062396497,0.097520694,0.14896858
0.33001953,0.30423394,0.058693998,0.025785595
-0.3966953,-0.90883136,0.112623505,0.5121361
0.41788924,-0.40262878,0.21951321,0.820518
-0.75675696,-0.9686692,0.19804434,0.21191221
0.09847156,-0.101527035,0.08737033,0.19999859
0.041564737,-0.22657028,0.15816243,0.268135
-0.42905435,-0.145354,0.12372958,-0.28370035
0.33750126,0.17365748,0.07855482,0.16384378
-0.002383416,0.032598678,0.07482618,-0.034982093
-0.30740798,-0.24546808,0.1034288,-0.061939895
0.52423674,0.79543996,0.1736943,-0.27120322
-0.7904849,-0.49459913,0.17244174,-0.29588577
-2.6800601,-0.9040634,0.3204002,-1.7759967
-0.16248168,-0.05586903,0.060594283,-0.10661265
-0.8815359,-0.32627088,0.12555525,-0.555265
0.5927856,0.45708942,0.10606234,0.13569617
0.5780502,0.5578917,0.06955852,0.02015847
-0.6293752,-0.3405807,0.11322428,-0.28879452
1.1161408,1.0001912,0.19365112,0.11594963
-1.5174232,-0.73197484,0.17056516,-0.7854483
-5.3883953,-5.152302,0.45473737,-0.23609352
0.7793006,0.69599086,0.13479397,0.08330971
0.8150788,0.64916563,0.13656163,0.16591316
